id,name,mainaddress,city,address,phone,phones,date,gruppa,data,bank,wholesale,wholesale_text,lat,lng,type,updateType,gray,actual,actualTime,workmodes,mainsort
735,DIMAK EXCHANGE,"6-й мкр., 5, (по пр. Абая не доезжая ул. Саина, по верхней стороне)",Алматы,"6-й мкр., 5, (по пр. Абая не доезжая ул. Саина, по верхней стороне)","принимаем ветхие, испорченные, порванные, плесневые доллары. в продаже имеется золотые слитки. ","['+7 (727) 397-13-30', '+7 (701) 222-22-80']",1721230549,0,"{'USD': [475.2, 476.2], 'EUR': [518, 521], 'RUB': [5.3, 5.35], 'KGS': [5.5, 5.7], 'CNY': [64.5, 66], 'GBP': [613, 631], 'CHF': [0, 0], 'UZS': [0, 0], 'JPY': [0, 0], 'AUD': [0, 0], 'TRY': [0, 0], 'AED': [0, 0], 'UAH': [0, 0], 'THB': [0, 0], 'INR': [0, 0], 'EGP': [0, 0], 'CAD': [0, 0], 'KPW': [0, 0], 'KRW': [0, 0], 'MNT': [0, 0], 'TMT': [0, 0], 'GEL': [0, 0], 'GOLD': [36850, 38150], 'AZN': [0, 0], 'BHD': [0, 0], 'AMD': [0, 0], 'BYN': [0, 0], 'BRL': [0, 0], 'HUF': [0, 0], 'HKD': [0, 0], 'DKK': [0, 0], 'IRR': [0, 0], 'KWD': [0, 0], 'MYR': [0, 0], 'MXN': [0, 0], 'MDL': [0, 0], 'NOK': [0, 0], 'PLN': [0, 0], 'SAR': [0, 0], 'XDR': [0, 0], 'SGD': [0, 0], 'TJS': [0, 0], 'CZK': [0, 0], 'SEK': [0, 0], 'ZAR': [0, 0], 'ILS': [0, 0], 'QAR': [0, 0], 'VND': [0, 0], 'LKR': [0, 0], 'OMR': [0, 0], 'PKR': [0, 0], 'MVR': [0, 0], 'IDR': [0, 0]}",0,True,"Принимаем ветхие,  испорченные валюты.",43.221365,76.855409,0,0,False,False,1721230549,"{'mon': ['9:00', '20:00', '', ''], 'tue': ['9:00', '20:00', '', ''], 'wed': ['9:00', '20:00', '', ''], 'thu': ['9:00', '20:00', '', ''], 'fri': ['9:00', '20:00', '', ''], 'sat': ['9:00', '20:00', '', ''], 'sun': ['9:00', '20:00', '', ''], 'holyday': ['9:00', '20:00', '', ''], 'nonstop': False, 'closed': False, 'worknow': True}",0
1267,Trust-exchange №1,"ул. Розыбакиева, 166, уг.ул. Солодовникова (выше ул. Сатпаева), напротив ""Народного банка""",Алматы,"ул. Розыбакиева, 166, уг.ул. Солодовникова (выше ул. Сатпаева), напротив ""Народного банка""",,"['+7 (727) 327-80-27', '+7 (777) 444-02-05', '+7 (700) 278-42-42']",1721228070,-63,"{'USD': [475, 476], 'EUR': [518.5, 521.5], 'RUB': [5.31, 5.35], 'KGS': [5.55, 5.85], 'CNY': [65, 66], 'GBP': [618, 638], 'CHF': [506, 529], 'UZS': [0, 0], 'JPY': [0, 0], 'AUD': [0, 0], 'TRY': [15, 18], 'AED': [122, 130], 'UAH': [0, 0], 'THB': [13, 15], 'INR': [0, 0], 'EGP': [0, 0], 'CAD': [0, 0], 'KPW': [0, 0], 'KRW': [0, 0], 'MNT': [0, 0], 'TMT': [0, 0], 'GEL': [167, 187], 'GOLD': [0, 0], 'AZN': [0, 0], 'BHD': [0, 0], 'AMD': [0, 0], 'BYN': [0, 0], 'BRL': [0, 0], 'HUF': [0, 0], 'HKD': [0, 0], 'DKK': [0, 0], 'IRR': [0, 0], 'KWD': [0, 0], 'MYR': [0, 0], 'MXN': [0, 0], 'MDL': [0, 0], 'NOK': [0, 0], 'PLN': [0, 0], 'SAR': [0, 0], 'XDR': [0, 0], 'SGD': [0, 0], 'TJS': [0, 0], 'CZK': [0, 0], 'SEK': [0, 0], 'ZAR': [0, 0], 'ILS': [0, 0], 'QAR': [0, 0], 'VND': [0, 0], 'LKR': [0, 0], 'OMR': [0, 0], 'PKR': [0, 0], 'MVR': [0, 0], 'IDR': [0, 0]}",0,True, от 10 000$ ,43.232217,76.890893,0,0,False,False,1721228070,"{'mon': ['09:00', '20:00', '', ''], 'tue': ['09:00', '20:00', '', ''], 'wed': ['09:00', '20:00', '', ''], 'thu': ['09:00', '20:00', '', ''], 'fri': ['09:00', '20:00', '', ''], 'sat': ['09:00', '20:00', '', ''], 'sun': ['09:00', '20:00', '', ''], 'holyday': ['09:00', '20:00', '', ''], 'nonstop': False, 'closed': False, 'worknow': False}",0
1327,Trust-exchange №2,"пр. Аль-Фараби, 65 (между ул. Шашкина и р. Есентай, не доезжая ТРЦ ""ESENTAI MALL""",Алматы,"пр. Аль-Фараби, 65 (между ул. Шашкина и р. Есентай, не доезжая ТРЦ ""ESENTAI MALL""",,"['+7 (727) 317-99-17', '+7 (707) 870-70-10', '+7 (777) 023-98-15']",1721228266,0,"{'USD': [475, 476], 'EUR': [518.5, 521.5], 'RUB': [5.31, 5.35], 'KGS': [5.55, 5.85], 'CNY': [65, 66], 'GBP': [618, 638], 'CHF': [506, 529], 'UZS': [0, 0], 'JPY': [0, 0], 'AUD': [0, 0], 'TRY': [15, 18], 'AED': [122, 130], 'UAH': [0, 0], 'THB': [13, 15], 'INR': [0, 0], 'EGP': [0, 0], 'CAD': [0, 0], 'KPW': [0, 0], 'KRW': [0, 0], 'MNT': [0, 0], 'TMT': [0, 0], 'GEL': [167, 187], 'GOLD': [0, 0], 'AZN': [0, 0], 'BHD': [0, 0], 'AMD': [0, 0], 'BYN': [0, 0], 'BRL': [0, 0], 'HUF': [0, 0], 'HKD': [0, 0], 'DKK': [0, 0], 'IRR': [0, 0], 'KWD': [0, 0], 'MYR': [0, 0], 'MXN': [0, 0], 'MDL': [0, 0], 'NOK': [0, 0], 'PLN': [0, 0], 'SAR': [0, 0], 'XDR': [0, 0], 'SGD': [0, 0], 'TJS': [0, 0], 'CZK': [0, 0], 'SEK': [0, 0], 'ZAR': [0, 0], 'ILS': [0, 0], 'QAR': [0, 0], 'VND': [0, 0], 'LKR': [0, 0], 'OMR': [0, 0], 'PKR': [0, 0], 'MVR': [0, 0], 'IDR': [0, 0]}",0,True,От 10000 $,43.232099,76.875037,0,0,False,False,1721228266,"{'mon': ['09:00', '20:00', '', ''], 'tue': ['09:00', '20:00', '', ''], 'wed': ['09:00', '20:00', '', ''], 'thu': ['09:00', '20:00', '', ''], 'fri': ['09:00', '20:00', '', ''], 'sat': ['09:00', '20:00', '', ''], 'sun': ['09:00', '20:00', '', ''], 'holyday': ['09:00', '20:00', '', ''], 'nonstop': False, 'closed': False, 'worknow': False}",0
1400,МиК ОП,"пр. Абылай Хана, 62, ЦУМ, 1 этаж, ТД ""Зангар""",Алматы,"пр. Абылай Хана, 62, ЦУМ, 1 этаж, ТД ""Зангар""",Скидки и выгодный курс покупки и продажи уточняйте по телефону,"['+7(747) 575-10-40', '+7 (777) 025-79-07', '+7 (705) 497-70-00']",1721227808,0,"{'USD': [475.2, 476], 'EUR': [518, 522], 'RUB': [5.29, 5.39], 'KGS': [5.55, 5.95], 'CNY': [64.3, 66.3], 'GBP': [615, 633], 'CHF': [0, 0], 'UZS': [0, 0], 'JPY': [0, 0], 'AUD': [0, 0], 'TRY': [0, 0], 'AED': [0, 0], 'UAH': [0, 0], 'THB': [0, 0], 'INR': [0, 0], 'EGP': [0, 0], 'CAD': [0, 0], 'KPW': [0, 0], 'KRW': [0, 0], 'MNT': [0, 0], 'TMT': [0, 0], 'GEL': [0, 0], 'GOLD': [0, 0], 'AZN': [0, 0], 'BHD': [0, 0], 'AMD': [0, 0], 'BYN': [0, 0], 'BRL': [0, 0], 'HUF': [0, 0], 'HKD': [0, 0], 'DKK': [0, 0], 'IRR': [0, 0], 'KWD': [0, 0], 'MYR': [0, 0], 'MXN': [0, 0], 'MDL': [0, 0], 'NOK': [0, 0], 'PLN': [0, 0], 'SAR': [0, 0], 'XDR': [0, 0], 'SGD': [0, 0], 'TJS': [0, 0], 'CZK': [0, 0], 'SEK': [0, 0], 'ZAR': [0, 0], 'ILS': [0, 0], 'QAR': [0, 0], 'VND': [0, 0], 'LKR': [0, 0], 'OMR': [0, 0], 'PKR': [0, 0], 'MVR': [0, 0], 'IDR': [0, 0]}",0,True,"долл,евро,фунты.рубли продажа со скидкой",43.26226,76.941252,0,0,False,False,1721227808,"{'mon': ['10:00', '20:00', '', ''], 'tue': ['10:00', '20:00', '', ''], 'wed': ['10:00', '20:00', '', ''], 'thu': ['10:00', '20:00', '', ''], 'fri': ['10:00', '20:00', '', ''], 'sat': ['10:00', '20:00', '', ''], 'sun': ['10:00', '20:00', '', ''], 'holyday': ['10:00', '20:00', '', ''], 'nonstop': False, 'closed': False, 'worknow': False}",0
1433,Асар ОП (ТОО Лидер эксчейндж),"ул. Жандосова, 128 (мкр. Таугуль-1)",Алматы,"ул. Жандосова, 128 (мкр. Таугуль-1)",,['+7 (701) 540-82-04'],1721228315,0,"{'USD': [474.5, 476.3], 'EUR': [518, 521], 'RUB': [5.3, 5.37], 'KGS': [5.6, 5.95], 'CNY': [65, 66], 'GBP': [0, 0], 'CHF': [0, 0], 'UZS': [0, 0], 'JPY': [0, 0], 'AUD': [0, 0], 'TRY': [0, 0], 'AED': [0, 0], 'UAH': [0, 0], 'THB': [0, 0], 'INR': [0, 0], 'EGP': [0, 0], 'CAD': [0, 0], 'KPW': [0, 0], 'KRW': [0, 0], 'MNT': [0, 0], 'TMT': [0, 0], 'GEL': [0, 0], 'GOLD': [0, 0], 'AZN': [0, 0], 'BHD': [0, 0], 'AMD': [0, 0], 'BYN': [0, 0], 'BRL': [0, 0], 'HUF': [0, 0], 'HKD': [0, 0], 'DKK': [0, 0], 'IRR': [0, 0], 'KWD': [0, 0], 'MYR': [0, 0], 'MXN': [0, 0], 'MDL': [0, 0], 'NOK': [0, 0], 'PLN': [0, 0], 'SAR': [0, 0], 'XDR': [0, 0], 'SGD': [0, 0], 'TJS': [0, 0], 'CZK': [0, 0], 'SEK': [0, 0], 'ZAR': [0, 0], 'ILS': [0, 0], 'QAR': [0, 0], 'VND': [0, 0], 'LKR': [0, 0], 'OMR': [0, 0], 'PKR': [0, 0], 'MVR': [0, 0], 'IDR': [0, 0]}",0,True,,43.323141,76.910862,0,0,False,False,1721228315,"{'mon': ['9:00', '20:00', '', ''], 'tue': ['9:00', '20:00', '', ''], 'wed': ['9:00', '20:00', '', ''], 'thu': ['9:00', '20:00', '', ''], 'fri': ['9:00', '20:00', '', ''], 'sat': ['9:00', '20:00', '', ''], 'sun': ['9:00', '20:00', '', ''], 'holyday': ['9:00', '20:00', '', ''], 'nonstop': False, 'closed': False, 'worknow': False}",0
1616,TEMA,"пр. Абылай хана, 33, уг.пр.Райымбека (цокольный этаж)",Алматы,"пр. Абылай хана, 33, уг.пр.Райымбека (цокольный этаж)",,"['+7 (775) 956-56-56', '+7 (707) 956-56-56']",1721214814,0,"{'USD': [475, 478], 'EUR': [512, 522], 'RUB': [5.31, 5.34], 'KGS': [5.5, 5.7], 'CNY': [65, 65.7], 'GBP': [0, 0], 'CHF': [0, 0], 'UZS': [28, 24], 'JPY': [2.7, 0], 'AUD': [0, 0], 'TRY': [15, 16], 'AED': [122, 130], 'UAH': [6, 9], 'THB': [11, 0], 'INR': [4.3, 0], 'EGP': [0, 0], 'CAD': [0, 0], 'KPW': [0, 0], 'KRW': [31, 32], 'MNT': [0, 0], 'TMT': [0, 0], 'GEL': [0, 0], 'GOLD': [0, 0], 'AZN': [0, 0], 'BHD': [0, 0], 'AMD': [0, 0], 'BYN': [0, 0], 'BRL': [0, 0], 'HUF': [0, 0], 'HKD': [0, 0], 'DKK': [0, 0], 'IRR': [0, 0], 'KWD': [0, 0], 'MYR': [0, 0], 'MXN': [0, 0], 'MDL': [0, 0], 'NOK': [0, 0], 'PLN': [0, 0], 'SAR': [0, 0], 'XDR': [0, 0], 'SGD': [0, 0], 'TJS': [0, 0], 'CZK': [0, 0], 'SEK': [0, 0], 'ZAR': [0, 0], 'ILS': [0, 0], 'QAR': [0, 0], 'VND': [0, 0], 'LKR': [0, 0], 'OMR': [0, 0], 'PKR': [0, 0], 'MVR': [0, 0], 'IDR': [0, 0]}",0,True,"От 10.000$, 3000€ 1.000.000Р Звоните по ВАТСАПП‼️ ",43.268654,76.939366,0,0,False,False,1721214814,"{'mon': ['09:00', '20:00', '', ''], 'tue': ['09:00', '20:00', '', ''], 'wed': ['09:00', '20:00', '', ''], 'thu': ['09:00', '20:00', '', ''], 'fri': ['09:00', '20:00', '', ''], 'sat': ['09:00', '20:00', '', ''], 'sun': ['09:00', '20:00', '', ''], 'holyday': ['', '', '', ''], 'nonstop': False, 'closed': False, 'worknow': False}",0
1662,ОП Valuta Exchange,"пр. Сейфуллина, 534 (рядом стоматология ""DobroDent"")",Алматы,"пр. Сейфуллина, 534 (рядом стоматология ""DobroDent"") ",,['+7 (707) 177-55-52'],1721225945,0,"{'USD': [475, 475.8], 'EUR': [518.5, 522], 'RUB': [5.31, 5.35], 'KGS': [5.55, 5.7], 'CNY': [64.5, 66], 'GBP': [615, 630], 'CHF': [0, 0], 'UZS': [0, 0], 'JPY': [0, 0], 'AUD': [0, 0], 'TRY': [0, 0], 'AED': [0, 0], 'UAH': [0, 0], 'THB': [0, 0], 'INR': [0, 0], 'EGP': [0, 0], 'CAD': [0, 0], 'KPW': [0, 0], 'KRW': [0, 0], 'MNT': [0, 0], 'TMT': [0, 0], 'GEL': [0, 0], 'GOLD': [0, 0], 'AZN': [0, 0], 'BHD': [0, 0], 'AMD': [0, 0], 'BYN': [0, 0], 'BRL': [0, 0], 'HUF': [0, 0], 'HKD': [0, 0], 'DKK': [0, 0], 'IRR': [0, 0], 'KWD': [0, 0], 'MYR': [0, 0], 'MXN': [0, 0], 'MDL': [0, 0], 'NOK': [0, 0], 'PLN': [0, 0], 'SAR': [0, 0], 'XDR': [0, 0], 'SGD': [0, 0], 'TJS': [0, 0], 'CZK': [0, 0], 'SEK': [0, 0], 'ZAR': [0, 0], 'ILS': [0, 0], 'QAR': [0, 0], 'VND': [0, 0], 'LKR': [0, 0], 'OMR': [0, 0], 'PKR': [0, 0], 'MVR': [0, 0], 'IDR': [0, 0]}",0,True,,43.242739,76.934721,0,0,False,False,1721225945,"{'mon': ['9:00', '19:30', '', ''], 'tue': ['9:00', '19:30', '', ''], 'wed': ['9:00', '19:30', '', ''], 'thu': ['9:00', '19:30', '', ''], 'fri': ['9:00', '19:30', '', ''], 'sat': ['10.00', '17:00', '', ''], 'sun': ['', '', '', ''], 'holyday': ['', '', '', ''], 'nonstop': False, 'closed': False, 'worknow': False}",0
13369,"Оптом Дешевле (ТОО ""1KURS.KZ"")","ул. Жандарбекова/Сатпаева, 152/57",Алматы,"ул. Жандарбекова/Сатпаева, 152/57",,['+7 (707) 542 70 20'],1721225700,0,"{'USD': [475.2, 476], 'EUR': [517, 521], 'RUB': [5.25, 5.39], 'KGS': [5.53, 5.95], 'CNY': [63.8, 66.3], 'GBP': [600, 633], 'CHF': [0, 0], 'UZS': [0, 0], 'JPY': [0, 0], 'AUD': [0, 0], 'TRY': [0, 0], 'AED': [0, 0], 'UAH': [0, 0], 'THB': [0, 0], 'INR': [0, 0], 'EGP': [0, 0], 'CAD': [0, 0], 'KPW': [0, 0], 'KRW': [0, 0], 'MNT': [0, 0], 'TMT': [0, 0], 'GEL': [0, 0], 'GOLD': [0, 0], 'AZN': [0, 0], 'BHD': [0, 0], 'AMD': [0, 0], 'BYN': [0, 0], 'BRL': [0, 0], 'HUF': [0, 0], 'HKD': [0, 0], 'DKK': [0, 0], 'IRR': [0, 0], 'KWD': [0, 0], 'MYR': [0, 0], 'MXN': [0, 0], 'MDL': [0, 0], 'NOK': [0, 0], 'PLN': [0, 0], 'SAR': [0, 0], 'XDR': [0, 0], 'SGD': [0, 0], 'TJS': [0, 0], 'CZK': [0, 0], 'SEK': [0, 0], 'ZAR': [0, 0], 'ILS': [0, 0], 'QAR': [0, 0], 'VND': [0, 0], 'LKR': [0, 0], 'OMR': [0, 0], 'PKR': [0, 0], 'MVR': [0, 0], 'IDR': [0, 0]}",0,True,от 5 000$  ,43.235403,76.898932,0,0,False,False,1721225700,"{'mon': ['11:00', '20.00', '', ''], 'tue': ['11:00', '20:00', '', ''], 'wed': ['11:00', '20:00', '', ''], 'thu': ['11:00', '20:00', '', ''], 'fri': ['11:00', '20:00', '', ''], 'sat': ['', '', '', ''], 'sun': ['', '', '', ''], 'holyday': ['', '', '', ''], 'nonstop': False, 'closed': False, 'worknow': False}",0
13497,Ecash 2,"Кабдолова 1/4 (ТРК  ""GRAND PARK"", между 6 и 7 блоком)",Алматы,"ул. Кабдолова, 1/4 (ТРК  ""GRAND PARK"", между 6 и 7 блоком)    Работаем до 22:00 (без выходных)",,['+7 (705) 908-90-73'],1721227790,0,"{'USD': [475, 476.1], 'EUR': [518, 521], 'RUB': [5.3, 5.38], 'KGS': [5.6, 0], 'CNY': [65, 66.8], 'GBP': [613, 631], 'CHF': [0, 0], 'UZS': [0, 0], 'JPY': [0, 0], 'AUD': [0, 0], 'TRY': [15, 18], 'AED': [118, 128], 'UAH': [0, 0], 'THB': [0, 0], 'INR': [4.5, 5.3], 'EGP': [0, 0], 'CAD': [317, 345], 'KPW': [0, 0], 'KRW': [0, 0], 'MNT': [0, 0], 'TMT': [0, 0], 'GEL': [0, 0], 'GOLD': [36000, 38240], 'AZN': [0, 0], 'BHD': [0, 0], 'AMD': [0, 0], 'BYN': [0, 0], 'BRL': [0, 0], 'HUF': [0, 0], 'HKD': [0, 0], 'DKK': [0, 0], 'IRR': [0, 0], 'KWD': [0, 0], 'MYR': [0, 0], 'MXN': [0, 0], 'MDL': [0, 0], 'NOK': [0, 0], 'PLN': [0, 0], 'SAR': [0, 0], 'XDR': [0, 0], 'SGD': [0, 0], 'TJS': [0, 0], 'CZK': [0, 0], 'SEK': [0, 0], 'ZAR': [0, 0], 'ILS': [0, 0], 'QAR': [0, 0], 'VND': [0, 0], 'LKR': [0, 0], 'OMR': [0, 0], 'PKR': [0, 0], 'MVR': [0, 0], 'IDR': [0, 0]}",0,True,"На сайте курсы оптовые с выше $ 5000, ₽ 300.000",43.237971,76.850468,0,0,False,False,1721227790,"{'mon': ['10:00', '22:00', '', ''], 'tue': ['10:00', '22:00', '', ''], 'wed': ['10:00', '22:00', '', ''], 'thu': ['10:00', '22:00', '', ''], 'fri': ['10:00', '22:00', '', ''], 'sat': ['10:00', '22:00', '', ''], 'sun': ['10:00', '22:00', '', ''], 'holyday': ['10:00', '22:00', '', ''], 'nonstop': False, 'closed': False, 'worknow': False}",0
13514,Большая  Монета,"пр. Сейфуллина 565, уг. ул. Кабанбай батыра",Алматы,"пр. Сейфуллина 565, уг. ул. Кабанбай батыра",Вверх по Сейфуллина чуть выше Кабанбайбатыра,"['+7 705 222 00 50', '+7 771 792 00 76']",1721223182,0,"{'USD': [474.8, 475.8], 'EUR': [518, 521], 'RUB': [5.31, 5.35], 'KGS': [5.55, 5.7], 'CNY': [65, 66], 'GBP': [617, 630], 'CHF': [0, 0], 'UZS': [0, 0], 'JPY': [0, 0], 'AUD': [0, 0], 'TRY': [15, 18], 'AED': [121, 130], 'UAH': [0, 0], 'THB': [0, 0], 'INR': [0, 0], 'EGP': [0, 0], 'CAD': [0, 0], 'KPW': [0, 0], 'KRW': [0, 0], 'MNT': [0, 0], 'TMT': [0, 0], 'GEL': [0, 0], 'GOLD': [0, 0], 'AZN': [0, 0], 'BHD': [0, 0], 'AMD': [0, 0], 'BYN': [0, 0], 'BRL': [0, 0], 'HUF': [0, 0], 'HKD': [0, 0], 'DKK': [0, 0], 'IRR': [0, 0], 'KWD': [0, 0], 'MYR': [0, 0], 'MXN': [0, 0], 'MDL': [0, 0], 'NOK': [0, 0], 'PLN': [0, 0], 'SAR': [0, 0], 'XDR': [0, 0], 'SGD': [0, 0], 'TJS': [0, 0], 'CZK': [0, 0], 'SEK': [0, 0], 'ZAR': [0, 0], 'ILS': [0, 0], 'QAR': [0, 0], 'VND': [0, 0], 'LKR': [0, 0], 'OMR': [0, 0], 'PKR': [0, 0], 'MVR': [0, 0], 'IDR': [0, 0]}",0,True,ЕСТЬ ОПТОВЫЕ КУРСЫ,43.24838,76.933266,0,0,False,False,1721223182,"{'mon': ['9:00', '20:00', '', ''], 'tue': ['9:00', '20:00', '', ''], 'wed': ['9:00', '20:00', '', ''], 'thu': ['9:00', '20:00', '', ''], 'fri': ['9:00', '20:00', '', ''], 'sat': ['9:00', '20:00', '', ''], 'sun': ['9:00', '20:00', '', ''], 'holyday': ['9:00', '20:00', '', ''], 'nonstop': False, 'closed': False, 'worknow': False}",0
9913711,BARAKAT EXCHANGE,"ул. Сатпаева, 6",Алматы,"ул. Сатпаева, 6",,"['+7 (778) 888-88-93', '+7 (778) 555-55-66']",1721228053,0,"{'USD': [475.1, 476], 'EUR': [518, 521.5], 'RUB': [5.28, 5.37], 'KGS': [5.55, 5.95], 'CNY': [64.5, 66.9], 'GBP': [613, 631], 'CHF': [0, 0], 'UZS': [0, 0], 'JPY': [0, 0], 'AUD': [0, 0], 'TRY': [0, 0], 'AED': [0, 0], 'UAH': [0, 0], 'THB': [0, 0], 'INR': [0, 0], 'EGP': [0, 0], 'CAD': [0, 0], 'KPW': [0, 0], 'KRW': [0, 0], 'MNT': [0, 0], 'TMT': [0, 0], 'GEL': [0, 0], 'GOLD': [0, 0], 'AZN': [0, 0], 'BHD': [0, 0], 'AMD': [0, 0], 'BYN': [0, 0], 'BRL': [0, 0], 'HUF': [0, 0], 'HKD': [0, 0], 'DKK': [0, 0], 'IRR': [0, 0], 'KWD': [0, 0], 'MYR': [0, 0], 'MXN': [0, 0], 'MDL': [0, 0], 'NOK': [0, 0], 'PLN': [0, 0], 'SAR': [0, 0], 'XDR': [0, 0], 'SGD': [0, 0], 'TJS': [0, 0], 'CZK': [0, 0], 'SEK': [0, 0], 'ZAR': [0, 0], 'ILS': [0, 0], 'QAR': [0, 0], 'VND': [0, 0], 'LKR': [0, 0], 'OMR': [0, 0], 'PKR': [0, 0], 'MVR': [0, 0], 'IDR': [0, 0]}",0,True,Оптовые курсы от 5000$,43.238785,76.953864,0,0,False,False,1721228053,"{'mon': ['9:00', '20:00', '', ''], 'tue': ['9:00', '20:00', '', ''], 'wed': ['9:00', '20:00', '', ''], 'thu': ['9:00', '20:00', '', ''], 'fri': ['9:00', '20:00', '', ''], 'sat': ['9:00', '20:00', '', ''], 'sun': ['9:00', '20:00', '', ''], 'holyday': ['9:00', '20:00', '', ''], 'nonstop': False, 'closed': False, 'worknow': False}",0
9913788,Ecash 3 ,"​пр. Сейфуллина, 506​ ул. Мауленова, 99 (гостиница ""Rixos"", 1 этаж)",Алматы,"​пр. Сейфуллина, 506​ ул. Мауленова, 99 (гостиница ""Rixos"", 1 этаж)",,['+7 (705) 8670692'],1721224239,0,"{'USD': [474.7, 476], 'EUR': [518, 521], 'RUB': [5.3, 5.38], 'KGS': [0, 0], 'CNY': [64.5, 66.1], 'GBP': [0, 0], 'CHF': [0, 0], 'UZS': [0, 0], 'JPY': [0, 0], 'AUD': [0, 0], 'TRY': [0, 0], 'AED': [0, 0], 'UAH': [0, 0], 'THB': [0, 0], 'INR': [0, 0], 'EGP': [0, 0], 'CAD': [0, 0], 'KPW': [0, 0], 'KRW': [0, 0], 'MNT': [0, 0], 'TMT': [0, 0], 'GEL': [0, 0], 'GOLD': [36000, 38240], 'AZN': [0, 0], 'BHD': [0, 0], 'AMD': [0, 0], 'BYN': [0, 0], 'BRL': [0, 0], 'HUF': [0, 0], 'HKD': [0, 0], 'DKK': [0, 0], 'IRR': [0, 0], 'KWD': [0, 0], 'MYR': [0, 0], 'MXN': [0, 0], 'MDL': [0, 0], 'NOK': [0, 0], 'PLN': [0, 0], 'SAR': [0, 0], 'XDR': [0, 0], 'SGD': [0, 0], 'TJS': [0, 0], 'CZK': [0, 0], 'SEK': [0, 0], 'ZAR': [0, 0], 'ILS': [0, 0], 'QAR': [0, 0], 'VND': [0, 0], 'LKR': [0, 0], 'OMR': [0, 0], 'PKR': [0, 0], 'MVR': [0, 0], 'IDR': [0, 0]}",0,True,,0,0,0,0,False,False,1721224239,"{'mon': ['9:00', '20:00', '', ''], 'tue': ['9:00', '20:00', '', ''], 'wed': ['9:00', '20:00', '', ''], 'thu': ['9:00', '20:00', '', ''], 'fri': ['9:00', '20:00', '', ''], 'sat': ['9:00', '20:00', '', ''], 'sun': ['9:00', '20:00', '', ''], 'holyday': ['9:00', '20:00', '', ''], 'nonstop': False, 'closed': False, 'worknow': False}",0
9913800,ОП DAKAR,"ул. Шевченко, 119",Алматы,"ул. Шевченко, 119",,"['+7 (727) 278-42-66', '8 (775) 458-86-37']",1721217122,0,"{'USD': [475, 476], 'EUR': [518, 521], 'RUB': [5.29, 5.35], 'KGS': [5.6, 5.8], 'CNY': [65, 66], 'GBP': [613, 630], 'CHF': [0, 0], 'UZS': [0, 0], 'JPY': [0, 0], 'AUD': [0, 0], 'TRY': [0, 0], 'AED': [0, 0], 'UAH': [0, 0], 'THB': [0, 0], 'INR': [0, 0], 'EGP': [0, 0], 'CAD': [0, 0], 'KPW': [0, 0], 'KRW': [0, 0], 'MNT': [0, 0], 'TMT': [0, 0], 'GEL': [0, 0], 'GOLD': [0, 0], 'AZN': [0, 0], 'BHD': [0, 0], 'AMD': [0, 0], 'BYN': [0, 0], 'BRL': [0, 0], 'HUF': [0, 0], 'HKD': [0, 0], 'DKK': [0, 0], 'IRR': [0, 0], 'KWD': [0, 0], 'MYR': [0, 0], 'MXN': [0, 0], 'MDL': [0, 0], 'NOK': [0, 0], 'PLN': [0, 0], 'SAR': [0, 0], 'XDR': [0, 0], 'SGD': [0, 0], 'TJS': [0, 0], 'CZK': [0, 0], 'SEK': [0, 0], 'ZAR': [0, 0], 'ILS': [0, 0], 'QAR': [0, 0], 'VND': [0, 0], 'LKR': [0, 0], 'OMR': [0, 0], 'PKR': [0, 0], 'MVR': [0, 0], 'IDR': [0, 0]}",0,False,,43.244939,76.922486,0,0,False,False,1721217122,"{'mon': ['9:00', '20:00', '', ''], 'tue': ['9:00', '20:00', '', ''], 'wed': ['9:00', '20:00', '', ''], 'thu': ['9:00', '20:00', '', ''], 'fri': ['9:00', '20:00', '', ''], 'sat': ['9:00', '20:00', '', ''], 'sun': ['9:00', '20:00', '', ''], 'holyday': ['9:00', '18:00', '', ''], 'nonstop': False, 'closed': False, 'worknow': False}",0
9913864,Ecash 4,"Ташкентский тракт, 17к (Апорт Молл)",Алматы,"Ташкентский тракт, 17к (Апорт Молл)",,['+77085736929'],1721233736,0,"{'USD': [475, 476.3], 'EUR': [518, 521], 'RUB': [5.3, 0], 'KGS': [5.6, 5.9], 'CNY': [64.5, 66.1], 'GBP': [613, 631], 'CHF': [505, 529], 'UZS': [0, 0], 'JPY': [0, 0], 'AUD': [0, 0], 'TRY': [0, 0], 'AED': [0, 0], 'UAH': [0, 0], 'THB': [0, 0], 'INR': [0, 0], 'EGP': [0, 0], 'CAD': [0, 0], 'KPW': [0, 0], 'KRW': [0, 0], 'MNT': [0, 0], 'TMT': [0, 0], 'GEL': [0, 0], 'GOLD': [0, 0], 'AZN': [0, 0], 'BHD': [0, 0], 'AMD': [0, 0], 'BYN': [0, 0], 'BRL': [0, 0], 'HUF': [0, 0], 'HKD': [0, 0], 'DKK': [0, 0], 'IRR': [0, 0], 'KWD': [0, 0], 'MYR': [0, 0], 'MXN': [0, 0], 'MDL': [0, 0], 'NOK': [0, 0], 'PLN': [0, 0], 'SAR': [0, 0], 'XDR': [0, 0], 'SGD': [0, 0], 'TJS': [0, 0], 'CZK': [0, 0], 'SEK': [0, 0], 'ZAR': [0, 0], 'ILS': [0, 0], 'QAR': [0, 0], 'VND': [0, 0], 'LKR': [0, 0], 'OMR': [0, 0], 'PKR': [0, 0], 'MVR': [0, 0], 'IDR': [0, 0]}",0,False,"На сайте курсы оптовые с выше $ 5000, ₽ 300.000",0,0,0,0,False,False,1721233736,"{'mon': ['10:00', '22:00', '', ''], 'tue': ['10:00', '22:00', '', ''], 'wed': ['10:00', '22:00', '', ''], 'thu': ['10:00', '22:00', '', ''], 'fri': ['10:00', '22:00', '', ''], 'sat': ['10:00', '22:00', '', ''], 'sun': ['10:00', '22:00', '', ''], 'holyday': ['10:00', '22:00', '', ''], 'nonstop': False, 'closed': False, 'worknow': False}",0
9913872,DOSTYK Exchange,"ул. Сатпаева, 2 (уг. пр. Достык, рядом с кафе ""Breakfast"")",Алматы,"ул. Сатпаева, 2 (уг. пр. Достык, рядом с кафе ""Breakfast"")","ул. Сатпаева, 2 ",['+7 771 412 86 13'],1721237062,0,"{'USD': [475, 476], 'EUR': [518.5, 521.5], 'RUB': [5.32, 5.38], 'KGS': [0, 0], 'CNY': [0, 0], 'GBP': [0, 0], 'CHF': [0, 0], 'UZS': [0, 0], 'JPY': [0, 0], 'AUD': [0, 0], 'TRY': [0, 0], 'AED': [0, 0], 'UAH': [0, 0], 'THB': [0, 0], 'INR': [0, 0], 'EGP': [0, 0], 'CAD': [0, 0], 'KPW': [0, 0], 'KRW': [0, 0], 'MNT': [0, 0], 'TMT': [0, 0], 'GEL': [0, 0], 'GOLD': [0, 0], 'AZN': [0, 0], 'BHD': [0, 0], 'AMD': [0, 0], 'BYN': [0, 0], 'BRL': [0, 0], 'HUF': [0, 0], 'HKD': [0, 0], 'DKK': [0, 0], 'IRR': [0, 0], 'KWD': [0, 0], 'MYR': [0, 0], 'MXN': [0, 0], 'MDL': [0, 0], 'NOK': [0, 0], 'PLN': [0, 0], 'SAR': [0, 0], 'XDR': [0, 0], 'SGD': [0, 0], 'TJS': [0, 0], 'CZK': [0, 0], 'SEK': [0, 0], 'ZAR': [0, 0], 'ILS': [0, 0], 'QAR': [0, 0], 'VND': [0, 0], 'LKR': [0, 0], 'OMR': [0, 0], 'PKR': [0, 0], 'MVR': [0, 0], 'IDR': [0, 0]}",0,True,Оптовые курсы от 5.000 $,0,0,0,0,False,True,1721237062,"{'mon': ['9:00', '20:00', '', ''], 'tue': ['9:00', '20:00', '', ''], 'wed': ['9:00', '20:00', '', ''], 'thu': ['9:00', '20:00', '', ''], 'fri': ['9:00', '20:00', '', ''], 'sat': ['9:00', '20:00', '', ''], 'sun': ['9:00', '20:00', '', ''], 'holyday': ['9:00', '20:00', '', ''], 'nonstop': False, 'closed': False, 'worknow': False}",0
9913889,Лидер Эксчейндж,"мкр. Айнабулак, 9а",Алматы,"мкр. Айнабулак, 9а",,['+7 (706) 818-02-02'],1721227731,0,"{'USD': [475.2, 476], 'EUR': [517, 520], 'RUB': [5.3, 5.39], 'KGS': [5.55, 5.95], 'CNY': [64.5, 65.7], 'GBP': [0, 0], 'CHF': [0, 0], 'UZS': [0, 0], 'JPY': [0, 0], 'AUD': [0, 0], 'TRY': [0, 0], 'AED': [0, 0], 'UAH': [0, 0], 'THB': [0, 0], 'INR': [0, 0], 'EGP': [0, 0], 'CAD': [0, 0], 'KPW': [0, 0], 'KRW': [0, 0], 'MNT': [0, 0], 'TMT': [0, 0], 'GEL': [0, 0], 'GOLD': [0, 0], 'AZN': [0, 0], 'BHD': [0, 0], 'AMD': [0, 0], 'BYN': [0, 0], 'BRL': [0, 0], 'HUF': [0, 0], 'HKD': [0, 0], 'DKK': [0, 0], 'IRR': [0, 0], 'KWD': [0, 0], 'MYR': [0, 0], 'MXN': [0, 0], 'MDL': [0, 0], 'NOK': [0, 0], 'PLN': [0, 0], 'SAR': [0, 0], 'XDR': [0, 0], 'SGD': [0, 0], 'TJS': [0, 0], 'CZK': [0, 0], 'SEK': [0, 0], 'ZAR': [0, 0], 'ILS': [0, 0], 'QAR': [0, 0], 'VND': [0, 0], 'LKR': [0, 0], 'OMR': [0, 0], 'PKR': [0, 0], 'MVR': [0, 0], 'IDR': [0, 0]}",0,False,,0,0,0,0,False,False,1721227731,"{'mon': ['9:00', '20:00', '', ''], 'tue': ['9:00', '20:00', '', ''], 'wed': ['9:00', '20:00', '', ''], 'thu': ['9:00', '20:00', '', ''], 'fri': ['9:00', '20:00', '', ''], 'sat': ['9:00', '20:00', '', ''], 'sun': ['9:00', '20:00', '', ''], 'holyday': ['9:00', '20:00', '', ''], 'nonstop': False, 'closed': False, 'worknow': False}",0
9913893,Bereke Exchange ,"ул. Желтоксан, 159 (уг.ул. Курмангазы, 70)",Алматы,"ул. Желтоксан, 159 (уг.ул. Курмангазы, 70)",,"['+7 (747) 777-10-03', '+7 (705) 700-01-28']",1721220386,0,"{'USD': [474.3, 476], 'EUR': [515, 521], 'RUB': [5.27, 5.37], 'KGS': [5.55, 5.9], 'CNY': [64.3, 66.3], 'GBP': [0, 0], 'CHF': [0, 0], 'UZS': [0, 0], 'JPY': [0, 0], 'AUD': [0, 0], 'TRY': [0, 0], 'AED': [0, 0], 'UAH': [0, 0], 'THB': [0, 0], 'INR': [0, 0], 'EGP': [0, 0], 'CAD': [0, 0], 'KPW': [0, 0], 'KRW': [0, 0], 'MNT': [0, 0], 'TMT': [0, 0], 'GEL': [0, 0], 'GOLD': [0, 0], 'AZN': [0, 0], 'BHD': [0, 0], 'AMD': [0, 0], 'BYN': [0, 0], 'BRL': [0, 0], 'HUF': [0, 0], 'HKD': [0, 0], 'DKK': [0, 0], 'IRR': [0, 0], 'KWD': [0, 0], 'MYR': [0, 0], 'MXN': [0, 0], 'MDL': [0, 0], 'NOK': [0, 0], 'PLN': [0, 0], 'SAR': [0, 0], 'XDR': [0, 0], 'SGD': [0, 0], 'TJS': [0, 0], 'CZK': [0, 0], 'SEK': [0, 0], 'ZAR': [0, 0], 'ILS': [0, 0], 'QAR': [0, 0], 'VND': [0, 0], 'LKR': [0, 0], 'OMR': [0, 0], 'PKR': [0, 0], 'MVR': [0, 0], 'IDR': [0, 0]}",0,True,,43.243809,76.94083,0,0,False,False,1721220386,"{'mon': ['9:00', '18:00', '', ''], 'tue': ['9:00', '18:00', '', ''], 'wed': ['9:00', '18:00', '', ''], 'thu': ['9:00', '18:00', '', ''], 'fri': ['9:00', '18:00', '', ''], 'sat': ['', '', '', ''], 'sun': ['', '', '', ''], 'holyday': ['', '', '', ''], 'nonstop': False, 'closed': False, 'worknow': False}",0
1252,GOLDFOREX,"пр. Райымбека, 134, между Абылай хана и Желтоксан, цвет обменника жёлтый.",Алматы,"пр. Райымбека, 134, между Абылай хана и Желтоксан",,"['+7 (701) 082-75-33', '+7 (727) 337-73-96']",1721226406,0,"{'USD': [474.5, 476.3], 'EUR': [518, 522], 'RUB': [5.29, 5.39], 'KGS': [5.55, 5.95], 'CNY': [64.3, 66.3], 'GBP': [615, 633], 'CHF': [505, 529], 'UZS': [3.6, 4.45], 'JPY': [2.65, 3.05], 'AUD': [0, 0], 'TRY': [14.7, 18.1], 'AED': [120.5, 130.5], 'UAH': [5, 9], 'THB': [12.5, 15.5], 'INR': [4.45, 5.45], 'EGP': [0, 0], 'CAD': [325, 355], 'KPW': [0, 0], 'KRW': [31.5, 34.9], 'MNT': [0, 0], 'TMT': [0, 0], 'GEL': [157, 187], 'GOLD': [36650, 38150], 'AZN': [0, 0], 'BHD': [0, 0], 'AMD': [0, 0], 'BYN': [0, 0], 'BRL': [0, 0], 'HUF': [0, 0], 'HKD': [50.5, 60.5], 'DKK': [0, 0], 'IRR': [0, 0], 'KWD': [0, 0], 'MYR': [95, 105], 'MXN': [0, 0], 'MDL': [0, 0], 'NOK': [0, 0], 'PLN': [103, 123], 'SAR': [0, 0], 'XDR': [0, 0], 'SGD': [0, 0], 'TJS': [0, 0], 'CZK': [16.5, 22.5], 'SEK': [0, 0], 'ZAR': [0, 0], 'ILS': [103, 123], 'QAR': [0, 0], 'VND': [0, 0], 'LKR': [0, 0], 'OMR': [0, 0], 'PKR': [0, 0], 'MVR': [0, 0], 'IDR': [0, 0]}",0,False,,43.269137,76.939258,0,0,False,False,1721226406,"{'mon': ['09:00', '20:00', '', ''], 'tue': ['09:00', '20:00', '', ''], 'wed': ['09:00', '20:00', '', ''], 'thu': ['09:00', '20:00', '', ''], 'fri': ['09:00', '20:00', '', ''], 'sat': ['09:00', '20:00', '', ''], 'sun': ['09:00', '20:00', '', ''], 'holyday': ['09:00', '20:00', '', ''], 'nonstop': False, 'closed': False, 'worknow': False}",0
1558,ОП Москва ,"8 микрорайон, 37/1, ТРЦ MOSKVA (цокольный этаж, пр.Абая, уг.ул. Алтынсарина)",Алматы,"8 микрорайон, 37/1, ТРЦ MOSKVA (цокольный этаж, пр.Абая, уг.ул. Алтынсарина) ",,"['+7 (707) 055-74-07', '+7 (777) 015-31-19', '+7 (705) 987-70-00']",1721229858,0,"{'USD': [475, 476], 'EUR': [518, 521], 'RUB': [5.15, 5.37], 'KGS': [5.55, 5.95], 'CNY': [64.3, 66.3], 'GBP': [610, 633], 'CHF': [0, 0], 'UZS': [0, 0], 'JPY': [0, 0], 'AUD': [0, 0], 'TRY': [0, 0], 'AED': [0, 0], 'UAH': [0, 0], 'THB': [0, 0], 'INR': [0, 0], 'EGP': [0, 0], 'CAD': [0, 0], 'KPW': [0, 0], 'KRW': [0, 0], 'MNT': [0, 0], 'TMT': [0, 0], 'GEL': [0, 0], 'GOLD': [0, 0], 'AZN': [0, 0], 'BHD': [0, 0], 'AMD': [0, 0], 'BYN': [0, 0], 'BRL': [0, 0], 'HUF': [0, 0], 'HKD': [0, 0], 'DKK': [0, 0], 'IRR': [0, 0], 'KWD': [0, 0], 'MYR': [0, 0], 'MXN': [0, 0], 'MDL': [0, 0], 'NOK': [0, 0], 'PLN': [0, 0], 'SAR': [0, 0], 'XDR': [0, 0], 'SGD': [0, 0], 'TJS': [0, 0], 'CZK': [0, 0], 'SEK': [0, 0], 'ZAR': [0, 0], 'ILS': [0, 0], 'QAR': [0, 0], 'VND': [0, 0], 'LKR': [0, 0], 'OMR': [0, 0], 'PKR': [0, 0], 'MVR': [0, 0], 'IDR': [0, 0]}",0,True,От 5 тысяч $ от 500 тысяч рублей,43.226844,76.863323,0,0,False,False,1721229858,"{'mon': ['10:00', '21:00', '', ''], 'tue': ['10:00', '21:00', '', ''], 'wed': ['10:00', '21:00', '', ''], 'thu': ['10:00', '21:00', '', ''], 'fri': ['10:00', '21:00', '', ''], 'sat': ['10:00', '21:00', '', ''], 'sun': ['10:00', '21,00', '', ''], 'holyday': ['10:00', '21:00', '', ''], 'nonstop': False, 'closed': False, 'worknow': False}",0
5307,МиГ 1,"ул. Желтоксан, 88, ниже ул. Гоголя",Алматы,"ул. Желтоксан, 88, ниже ул. Гоголя",,"['+77272799401', '+77272790539', '+77017101611']",1721226145,0,"{'USD': [474.5, 476.3], 'EUR': [518, 522], 'RUB': [5.29, 5.39], 'KGS': [5.55, 5.95], 'CNY': [64.3, 66.3], 'GBP': [615, 633], 'CHF': [505, 529], 'UZS': [3.6, 4.45], 'JPY': [2.55, 3.03], 'AUD': [0, 0], 'TRY': [14.7, 18.1], 'AED': [120.5, 130.5], 'UAH': [5, 9], 'THB': [12.5, 15.5], 'INR': [4.45, 5.45], 'EGP': [0, 0], 'CAD': [325, 355], 'KPW': [0, 0], 'KRW': [31.5, 34.9], 'MNT': [0, 0], 'TMT': [0, 0], 'GEL': [157, 187], 'GOLD': [36650, 38150], 'AZN': [0, 0], 'BHD': [0, 0], 'AMD': [0, 0], 'BYN': [0, 0], 'BRL': [0, 0], 'HUF': [0, 0], 'HKD': [50.5, 60.5], 'DKK': [0, 0], 'IRR': [0, 0], 'KWD': [0, 0], 'MYR': [95, 105], 'MXN': [0, 0], 'MDL': [0, 0], 'NOK': [0, 0], 'PLN': [103, 123], 'SAR': [0, 0], 'XDR': [0, 0], 'SGD': [0, 0], 'TJS': [0, 0], 'CZK': [16.5, 22.5], 'SEK': [0, 0], 'ZAR': [0, 0], 'ILS': [103, 123], 'QAR': [0, 0], 'VND': [0, 0], 'LKR': [0, 0], 'OMR': [0, 0], 'PKR': [0, 0], 'MVR': [0, 0], 'IDR': [0, 0]}",0,False,,43.259804275055,76.939313113689,5,1,False,False,1721226145,"{'mon': ['9:00', '20:00', '', ''], 'tue': ['9:00', '20:00', '', ''], 'wed': ['9:00', '20:00', '', ''], 'thu': ['9:00', '20:00', '', ''], 'fri': ['9:00', '20:00', '', ''], 'sat': ['9:00', '20:00', '', ''], 'sun': ['9:00', '20:00', '', ''], 'holyday': ['9:00', '20:00', '', ''], 'nonstop': False, 'closed': False, 'worknow': False}",0
5311,МиГ 5,"ул. Ауэзова, 140 ниже ул. Тимирязева",Алматы,"ул. Ауэзова, 140 ниже ул. Тимирязева",,"['+77272747902', '+77017303907']",1721226145,0,"{'USD': [474.5, 476.3], 'EUR': [518, 522], 'RUB': [5.29, 5.39], 'KGS': [5.55, 5.95], 'CNY': [64.3, 66.3], 'GBP': [615, 633], 'CHF': [505, 529], 'UZS': [3.6, 4.45], 'JPY': [2.55, 3.03], 'AUD': [0, 0], 'TRY': [14.7, 18.1], 'AED': [120.5, 130.5], 'UAH': [5, 9], 'THB': [12.5, 15.5], 'INR': [4.45, 5.45], 'EGP': [0, 0], 'CAD': [325, 355], 'KPW': [0, 0], 'KRW': [31.5, 34.9], 'MNT': [0, 0], 'TMT': [0, 0], 'GEL': [157, 187], 'GOLD': [36650, 38150], 'AZN': [0, 0], 'BHD': [0, 0], 'AMD': [0, 0], 'BYN': [0, 0], 'BRL': [0, 0], 'HUF': [0, 0], 'HKD': [50.5, 60.5], 'DKK': [0, 0], 'IRR': [0, 0], 'KWD': [0, 0], 'MYR': [95, 105], 'MXN': [0, 0], 'MDL': [0, 0], 'NOK': [0, 0], 'PLN': [103, 123], 'SAR': [0, 0], 'XDR': [0, 0], 'SGD': [0, 0], 'TJS': [0, 0], 'CZK': [16.5, 22.5], 'SEK': [0, 0], 'ZAR': [0, 0], 'ILS': [103, 123], 'QAR': [0, 0], 'VND': [0, 0], 'LKR': [0, 0], 'OMR': [0, 0], 'PKR': [0, 0], 'MVR': [0, 0], 'IDR': [0, 0]}",0,False,,43.226324858803,76.906095580869,5,1,False,False,1721226145,"{'mon': ['9:00', '20:00', '', ''], 'tue': ['9:00', '20:00', '', ''], 'wed': ['9:00', '20:00', '', ''], 'thu': ['9:00', '20:00', '', ''], 'fri': ['9:00', '20:00', '', ''], 'sat': ['9:00', '20:00', '', ''], 'sun': ['9:00', '20:00', '', ''], 'holyday': ['9:00', '20:00', '', ''], 'nonstop': False, 'closed': False, 'worknow': False}",0
5312,МиГ 6,"ул. Желтоксан, 140 ниже ул. Кабанбай батыра",Алматы,"ул. Желтоксан, 140 ниже ул. Кабанбай батыра",,"['+77272726824', '+77017510722']",1721226145,0,"{'USD': [474.5, 476.3], 'EUR': [518, 522], 'RUB': [5.29, 5.39], 'KGS': [5.55, 5.95], 'CNY': [64.3, 66.3], 'GBP': [615, 633], 'CHF': [505, 529], 'UZS': [3.6, 4.45], 'JPY': [2.55, 3.03], 'AUD': [0, 0], 'TRY': [14.7, 18.1], 'AED': [120.5, 130.5], 'UAH': [5, 9], 'THB': [12.5, 15.5], 'INR': [4.45, 5.45], 'EGP': [0, 0], 'CAD': [325, 355], 'KPW': [0, 0], 'KRW': [31.5, 34.9], 'MNT': [0, 0], 'TMT': [0, 0], 'GEL': [157, 187], 'GOLD': [36650, 38150], 'AZN': [0, 0], 'BHD': [0, 0], 'AMD': [0, 0], 'BYN': [0, 0], 'BRL': [0, 0], 'HUF': [0, 0], 'HKD': [50.5, 60.5], 'DKK': [0, 0], 'IRR': [0, 0], 'KWD': [0, 0], 'MYR': [95, 105], 'MXN': [0, 0], 'MDL': [0, 0], 'NOK': [0, 0], 'PLN': [103, 123], 'SAR': [0, 0], 'XDR': [0, 0], 'SGD': [0, 0], 'TJS': [0, 0], 'CZK': [16.5, 22.5], 'SEK': [0, 0], 'ZAR': [0, 0], 'ILS': [103, 123], 'QAR': [0, 0], 'VND': [0, 0], 'LKR': [0, 0], 'OMR': [0, 0], 'PKR': [0, 0], 'MVR': [0, 0], 'IDR': [0, 0]}",0,False,,43.249770132054,76.940678844888,5,1,False,False,1721226145,"{'mon': ['9:00', '20:00', '', ''], 'tue': ['9:00', '20:00', '', ''], 'wed': ['9:00', '20:00', '', ''], 'thu': ['9:00', '20:00', '', ''], 'fri': ['9:00', '20:00', '', ''], 'sat': ['9:00', '20:00', '', ''], 'sun': ['9:00', '20:00', '', ''], 'holyday': ['9:00', '20:00', '', ''], 'nonstop': False, 'closed': False, 'worknow': False}",0
5314,МиГ 8,"мкр. 5, 17, пр. Абая уг. ул. Алтынсарина",Алматы,"мкр. 5, 17, пр. Абая уг. ул. Алтынсарина",,"['+77272432570', '+77017688980']",1721226145,0,"{'USD': [474.5, 476.3], 'EUR': [518, 522], 'RUB': [5.29, 5.39], 'KGS': [5.55, 5.95], 'CNY': [64.3, 66.3], 'GBP': [615, 633], 'CHF': [505, 529], 'UZS': [3.6, 4.45], 'JPY': [2.55, 3.03], 'AUD': [0, 0], 'TRY': [14.7, 18.1], 'AED': [120.5, 130.5], 'UAH': [5, 9], 'THB': [12.5, 15.5], 'INR': [4.45, 5.45], 'EGP': [0, 0], 'CAD': [325, 355], 'KPW': [0, 0], 'KRW': [31.5, 34.9], 'MNT': [0, 0], 'TMT': [0, 0], 'GEL': [157, 187], 'GOLD': [36650, 38150], 'AZN': [0, 0], 'BHD': [0, 0], 'AMD': [0, 0], 'BYN': [0, 0], 'BRL': [0, 0], 'HUF': [0, 0], 'HKD': [50.5, 60.5], 'DKK': [0, 0], 'IRR': [0, 0], 'KWD': [0, 0], 'MYR': [95, 105], 'MXN': [0, 0], 'MDL': [0, 0], 'NOK': [0, 0], 'PLN': [103, 123], 'SAR': [0, 0], 'XDR': [0, 0], 'SGD': [0, 0], 'TJS': [0, 0], 'CZK': [16.5, 22.5], 'SEK': [0, 0], 'ZAR': [0, 0], 'ILS': [103, 123], 'QAR': [0, 0], 'VND': [0, 0], 'LKR': [0, 0], 'OMR': [0, 0], 'PKR': [0, 0], 'MVR': [0, 0], 'IDR': [0, 0]}",0,False,,43.227922327896,76.863225410499,5,1,False,False,1721226145,"{'mon': ['9:00', '20:00', '', ''], 'tue': ['9:00', '20:00', '', ''], 'wed': ['9:00', '20:00', '', ''], 'thu': ['9:00', '20:00', '', ''], 'fri': ['9:00', '20:00', '', ''], 'sat': ['9:00', '20:00', '', ''], 'sun': ['9:00', '20:00', '', ''], 'holyday': ['9:00', '20:00', '', ''], 'nonstop': False, 'closed': False, 'worknow': False}",0
5315,МиГ 9,"пр. Абылай хана, 27 уг. пр. Райымбека",Алматы,"пр. Абылай хана, 27 уг. пр. Райымбека",,"['+77272713865', '+77015553865']",1721226145,0,"{'USD': [474.5, 476.3], 'EUR': [518, 522], 'RUB': [5.29, 5.39], 'KGS': [5.55, 5.95], 'CNY': [64.3, 66.3], 'GBP': [615, 633], 'CHF': [505, 529], 'UZS': [3.6, 4.45], 'JPY': [2.55, 3.03], 'AUD': [0, 0], 'TRY': [14.7, 18.1], 'AED': [120.5, 130.5], 'UAH': [5, 9], 'THB': [12.5, 15.5], 'INR': [4.45, 5.45], 'EGP': [0, 0], 'CAD': [325, 355], 'KPW': [0, 0], 'KRW': [31.5, 34.9], 'MNT': [0, 0], 'TMT': [0, 0], 'GEL': [157, 187], 'GOLD': [36650, 38150], 'AZN': [0, 0], 'BHD': [0, 0], 'AMD': [0, 0], 'BYN': [0, 0], 'BRL': [0, 0], 'HUF': [0, 0], 'HKD': [50.5, 60.5], 'DKK': [0, 0], 'IRR': [0, 0], 'KWD': [0, 0], 'MYR': [95, 105], 'MXN': [0, 0], 'MDL': [0, 0], 'NOK': [0, 0], 'PLN': [103, 123], 'SAR': [0, 0], 'XDR': [0, 0], 'SGD': [0, 0], 'TJS': [0, 0], 'CZK': [16.5, 22.5], 'SEK': [0, 0], 'ZAR': [0, 0], 'ILS': [103, 123], 'QAR': [0, 0], 'VND': [0, 0], 'LKR': [0, 0], 'OMR': [0, 0], 'PKR': [0, 0], 'MVR': [0, 0], 'IDR': [0, 0]}",0,False,,43.269730061324,76.938963710353,5,1,False,False,1721226145,"{'mon': ['9:00', '20:00', '', ''], 'tue': ['9:00', '20:00', '', ''], 'wed': ['9:00', '20:00', '', ''], 'thu': ['9:00', '20:00', '', ''], 'fri': ['9:00', '20:00', '', ''], 'sat': ['9:00', '20:00', '', ''], 'sun': ['9:00', '20:00', '', ''], 'holyday': ['9:00', '20:00', '', ''], 'nonstop': False, 'closed': False, 'worknow': False}",0
5317,МиГ 11,"ул. Гоголя, 87, между ул. Панфилова и ул. Байсеитовой",Алматы,"ул. Гоголя, 87, между ул. Панфилова и ул. Байсеитовой",,"['+77272730728', '+77012183369']",1721226145,0,"{'USD': [474.5, 476.3], 'EUR': [518, 522], 'RUB': [5.29, 5.39], 'KGS': [5.55, 5.95], 'CNY': [64.3, 66.3], 'GBP': [615, 633], 'CHF': [505, 529], 'UZS': [3.6, 4.45], 'JPY': [2.55, 3.03], 'AUD': [0, 0], 'TRY': [14.7, 18.1], 'AED': [120.5, 130.5], 'UAH': [5, 9], 'THB': [12.5, 15.5], 'INR': [4.45, 5.45], 'EGP': [0, 0], 'CAD': [325, 355], 'KPW': [0, 0], 'KRW': [31.5, 34.9], 'MNT': [0, 0], 'TMT': [0, 0], 'GEL': [157, 187], 'GOLD': [36650, 38150], 'AZN': [0, 0], 'BHD': [0, 0], 'AMD': [0, 0], 'BYN': [0, 0], 'BRL': [0, 0], 'HUF': [0, 0], 'HKD': [50.5, 60.5], 'DKK': [0, 0], 'IRR': [0, 0], 'KWD': [0, 0], 'MYR': [95, 105], 'MXN': [0, 0], 'MDL': [0, 0], 'NOK': [0, 0], 'PLN': [103, 123], 'SAR': [0, 0], 'XDR': [0, 0], 'SGD': [0, 0], 'TJS': [0, 0], 'CZK': [16.5, 22.5], 'SEK': [0, 0], 'ZAR': [0, 0], 'ILS': [103, 123], 'QAR': [0, 0], 'VND': [0, 0], 'LKR': [0, 0], 'OMR': [0, 0], 'PKR': [0, 0], 'MVR': [0, 0], 'IDR': [0, 0]}",0,False,,43.259983846191,76.943185889663,5,1,False,False,1721226145,"{'mon': ['9:00', '20:00', '', ''], 'tue': ['9:00', '20:00', '', ''], 'wed': ['9:00', '20:00', '', ''], 'thu': ['9:00', '20:00', '', ''], 'fri': ['9:00', '20:00', '', ''], 'sat': ['9:00', '20:00', '', ''], 'sun': ['9:00', '20:00', '', ''], 'holyday': ['9:00', '20:00', '', ''], 'nonstop': False, 'closed': False, 'worknow': False}",0
5318,МиГ 12,"ул. Сатпаева, 2, уг. пр. Достык",Алматы,"ул. Сатпаева, 2, уг. пр. Достык",,"['+77272632489', '+77012207352']",1721226145,0,"{'USD': [474.5, 476.3], 'EUR': [518, 522], 'RUB': [5.29, 5.39], 'KGS': [5.55, 5.95], 'CNY': [64.3, 66.3], 'GBP': [615, 633], 'CHF': [505, 529], 'UZS': [3.6, 4.45], 'JPY': [2.55, 3.03], 'AUD': [0, 0], 'TRY': [14.7, 18.1], 'AED': [120.5, 130.5], 'UAH': [5, 9], 'THB': [12.5, 15.5], 'INR': [4.45, 5.45], 'EGP': [0, 0], 'CAD': [325, 355], 'KPW': [0, 0], 'KRW': [31.5, 34.9], 'MNT': [0, 0], 'TMT': [0, 0], 'GEL': [157, 187], 'GOLD': [36650, 38150], 'AZN': [0, 0], 'BHD': [0, 0], 'AMD': [0, 0], 'BYN': [0, 0], 'BRL': [0, 0], 'HUF': [0, 0], 'HKD': [50.5, 60.5], 'DKK': [0, 0], 'IRR': [0, 0], 'KWD': [0, 0], 'MYR': [95, 105], 'MXN': [0, 0], 'MDL': [0, 0], 'NOK': [0, 0], 'PLN': [103, 123], 'SAR': [0, 0], 'XDR': [0, 0], 'SGD': [0, 0], 'TJS': [0, 0], 'CZK': [16.5, 22.5], 'SEK': [0, 0], 'ZAR': [0, 0], 'ILS': [103, 123], 'QAR': [0, 0], 'VND': [0, 0], 'LKR': [0, 0], 'OMR': [0, 0], 'PKR': [0, 0], 'MVR': [0, 0], 'IDR': [0, 0]}",0,False,,43.239067008302,76.956759099289,5,1,False,False,1721226145,"{'mon': ['9:00', '20:00', '', ''], 'tue': ['9:00', '20:00', '', ''], 'wed': ['9:00', '20:00', '', ''], 'thu': ['9:00', '20:00', '', ''], 'fri': ['9:00', '20:00', '', ''], 'sat': ['9:00', '20:00', '', ''], 'sun': ['9:00', '20:00', '', ''], 'holyday': ['9:00', '20:00', '', ''], 'nonstop': False, 'closed': False, 'worknow': False}",0
5319,МиГ 13,"мкр. 10а, д.12, ул. Шаляпина, уг. ул. Саина",Алматы,"мкр. 10а, д.12, ул. Шаляпина, уг. ул. Саина",,"['+77273028844', '+77012252934']",1721226145,0,"{'USD': [474.5, 476.3], 'EUR': [518, 522], 'RUB': [5.29, 5.39], 'KGS': [5.55, 5.95], 'CNY': [64.3, 66.3], 'GBP': [615, 633], 'CHF': [505, 529], 'UZS': [3.6, 4.45], 'JPY': [2.55, 3.03], 'AUD': [0, 0], 'TRY': [14.7, 18.1], 'AED': [120.5, 130.5], 'UAH': [5, 9], 'THB': [12.5, 15.5], 'INR': [4.45, 5.45], 'EGP': [0, 0], 'CAD': [325, 355], 'KPW': [0, 0], 'KRW': [31.5, 34.9], 'MNT': [0, 0], 'TMT': [0, 0], 'GEL': [157, 187], 'GOLD': [36650, 38150], 'AZN': [0, 0], 'BHD': [0, 0], 'AMD': [0, 0], 'BYN': [0, 0], 'BRL': [0, 0], 'HUF': [0, 0], 'HKD': [50.5, 60.5], 'DKK': [0, 0], 'IRR': [0, 0], 'KWD': [0, 0], 'MYR': [95, 105], 'MXN': [0, 0], 'MDL': [0, 0], 'NOK': [0, 0], 'PLN': [103, 123], 'SAR': [0, 0], 'XDR': [0, 0], 'SGD': [0, 0], 'TJS': [0, 0], 'CZK': [16.5, 22.5], 'SEK': [0, 0], 'ZAR': [0, 0], 'ILS': [103, 123], 'QAR': [0, 0], 'VND': [0, 0], 'LKR': [0, 0], 'OMR': [0, 0], 'PKR': [0, 0], 'MVR': [0, 0], 'IDR': [0, 0]}",0,False,,43.214430997022,76.85771485975,5,1,False,False,1721226145,"{'mon': ['9:00', '20:00', '', ''], 'tue': ['9:00', '20:00', '', ''], 'wed': ['9:00', '20:00', '', ''], 'thu': ['9:00', '20:00', '', ''], 'fri': ['9:00', '20:00', '', ''], 'sat': ['9:00', '20:00', '', ''], 'sun': ['9:00', '20:00', '', ''], 'holyday': ['9:00', '20:00', '', ''], 'nonstop': False, 'closed': False, 'worknow': False}",0
5320,МиГ 14,"ул. Толе би, 234а,  уг. ул. Гайдара",Алматы,"ул. Толе би, 234а,  уг. ул. Гайдара",,"['+77273747168', '+77019596282']",1721226145,0,"{'USD': [474.5, 476.3], 'EUR': [518, 522], 'RUB': [5.29, 5.39], 'KGS': [5.55, 5.95], 'CNY': [64.3, 66.3], 'GBP': [615, 633], 'CHF': [505, 529], 'UZS': [3.6, 4.45], 'JPY': [2.55, 3.03], 'AUD': [0, 0], 'TRY': [14.7, 18.1], 'AED': [120.5, 130.5], 'UAH': [5, 9], 'THB': [12.5, 15.5], 'INR': [4.45, 5.45], 'EGP': [0, 0], 'CAD': [325, 355], 'KPW': [0, 0], 'KRW': [31.5, 34.9], 'MNT': [0, 0], 'TMT': [0, 0], 'GEL': [157, 187], 'GOLD': [36650, 38150], 'AZN': [0, 0], 'BHD': [0, 0], 'AMD': [0, 0], 'BYN': [0, 0], 'BRL': [0, 0], 'HUF': [0, 0], 'HKD': [50.5, 60.5], 'DKK': [0, 0], 'IRR': [0, 0], 'KWD': [0, 0], 'MYR': [95, 105], 'MXN': [0, 0], 'MDL': [0, 0], 'NOK': [0, 0], 'PLN': [103, 123], 'SAR': [0, 0], 'XDR': [0, 0], 'SGD': [0, 0], 'TJS': [0, 0], 'CZK': [16.5, 22.5], 'SEK': [0, 0], 'ZAR': [0, 0], 'ILS': [103, 123], 'QAR': [0, 0], 'VND': [0, 0], 'LKR': [0, 0], 'OMR': [0, 0], 'PKR': [0, 0], 'MVR': [0, 0], 'IDR': [0, 0]}",0,False,,43.250150886567,76.882601638717,5,1,False,False,1721226145,"{'mon': ['9:00', '20:00', '', ''], 'tue': ['9:00', '20:00', '', ''], 'wed': ['9:00', '20:00', '', ''], 'thu': ['9:00', '20:00', '', ''], 'fri': ['9:00', '20:00', '', ''], 'sat': ['9:00', '20:00', '', ''], 'sun': ['9:00', '20:00', '', ''], 'holyday': ['9:00', '20:00', '', ''], 'nonstop': False, 'closed': False, 'worknow': False}",0
5321,МиГ 15,"ул. Толе би, 24а,  уг. пр. Достык",Алматы,"ул. Толе би, 24а,  уг. пр. Достык",,"['+77272916195', '+77019596284']",1721226145,0,"{'USD': [474.5, 476.3], 'EUR': [518, 522], 'RUB': [5.29, 5.39], 'KGS': [5.55, 5.95], 'CNY': [64.3, 66.3], 'GBP': [615, 633], 'CHF': [505, 529], 'UZS': [3.6, 4.45], 'JPY': [2.55, 3.03], 'AUD': [0, 0], 'TRY': [14.7, 18.1], 'AED': [120.5, 130.5], 'UAH': [5, 9], 'THB': [12.5, 15.5], 'INR': [4.45, 5.45], 'EGP': [0, 0], 'CAD': [325, 355], 'KPW': [0, 0], 'KRW': [31.5, 34.9], 'MNT': [0, 0], 'TMT': [0, 0], 'GEL': [157, 187], 'GOLD': [36650, 38150], 'AZN': [0, 0], 'BHD': [0, 0], 'AMD': [0, 0], 'BYN': [0, 0], 'BRL': [0, 0], 'HUF': [0, 0], 'HKD': [50.5, 60.5], 'DKK': [0, 0], 'IRR': [0, 0], 'KWD': [0, 0], 'MYR': [95, 105], 'MXN': [0, 0], 'MDL': [0, 0], 'NOK': [0, 0], 'PLN': [103, 123], 'SAR': [0, 0], 'XDR': [0, 0], 'SGD': [0, 0], 'TJS': [0, 0], 'CZK': [16.5, 22.5], 'SEK': [0, 0], 'ZAR': [0, 0], 'ILS': [103, 123], 'QAR': [0, 0], 'VND': [0, 0], 'LKR': [0, 0], 'OMR': [0, 0], 'PKR': [0, 0], 'MVR': [0, 0], 'IDR': [0, 0]}",0,False,,43.255455739638,76.95508446415,5,1,False,False,1721226145,"{'mon': ['9:00', '20:00', '', ''], 'tue': ['9:00', '20:00', '', ''], 'wed': ['9:00', '20:00', '', ''], 'thu': ['9:00', '20:00', '', ''], 'fri': ['9:00', '20:00', '', ''], 'sat': ['9:00', '20:00', '', ''], 'sun': ['9:00', '20:00', '', ''], 'holyday': ['9:00', '20:00', '', ''], 'nonstop': False, 'closed': False, 'worknow': False}",0
5322,МиГ 16,"ул. Демьяна Бедного, 3, ТЦ «Magnum»",Алматы,"ул. Демьяна Бедного, 3, ТЦ «Magnum»",,"['+77272955535', '+77019596697']",1721226145,0,"{'USD': [474.5, 476.3], 'EUR': [518, 522], 'RUB': [5.29, 5.39], 'KGS': [5.55, 5.95], 'CNY': [64.3, 66.3], 'GBP': [615, 633], 'CHF': [505, 529], 'UZS': [3.6, 4.45], 'JPY': [2.55, 3.03], 'AUD': [0, 0], 'TRY': [14.7, 18.1], 'AED': [120.5, 130.5], 'UAH': [5, 9], 'THB': [12.5, 15.5], 'INR': [4.45, 5.45], 'EGP': [0, 0], 'CAD': [325, 355], 'KPW': [0, 0], 'KRW': [31.5, 34.9], 'MNT': [0, 0], 'TMT': [0, 0], 'GEL': [157, 187], 'GOLD': [36650, 38150], 'AZN': [0, 0], 'BHD': [0, 0], 'AMD': [0, 0], 'BYN': [0, 0], 'BRL': [0, 0], 'HUF': [0, 0], 'HKD': [50.5, 60.5], 'DKK': [0, 0], 'IRR': [0, 0], 'KWD': [0, 0], 'MYR': [95, 105], 'MXN': [0, 0], 'MDL': [0, 0], 'NOK': [0, 0], 'PLN': [103, 123], 'SAR': [0, 0], 'XDR': [0, 0], 'SGD': [0, 0], 'TJS': [0, 0], 'CZK': [16.5, 22.5], 'SEK': [0, 0], 'ZAR': [0, 0], 'ILS': [103, 123], 'QAR': [0, 0], 'VND': [0, 0], 'LKR': [0, 0], 'OMR': [0, 0], 'PKR': [0, 0], 'MVR': [0, 0], 'IDR': [0, 0]}",0,False,,43.294089080124,76.952126720879,5,1,False,False,1721226145,"{'mon': ['9:00', '20:00', '', ''], 'tue': ['9:00', '20:00', '', ''], 'wed': ['9:00', '20:00', '', ''], 'thu': ['9:00', '20:00', '', ''], 'fri': ['9:00', '20:00', '', ''], 'sat': ['9:00', '20:00', '', ''], 'sun': ['9:00', '20:00', '', ''], 'holyday': ['9:00', '20:00', '', ''], 'nonstop': False, 'closed': False, 'worknow': False}",0
5324,МиГ 18,"мкр. Жетысу 3, 1г ул. Абая, уг. ул. Момышулы, ТЦ «Magnum»",Алматы,"мкр. Жетысу 3, 1г ул. Абая, уг. ул. Момышулы, ТЦ «Magnum»",,"['+77272267265', '+77019583732']",1721226145,0,"{'USD': [474.5, 476.3], 'EUR': [518, 522], 'RUB': [5.29, 5.39], 'KGS': [5.55, 5.95], 'CNY': [64.3, 66.3], 'GBP': [615, 633], 'CHF': [505, 529], 'UZS': [3.6, 4.45], 'JPY': [2.55, 3.03], 'AUD': [0, 0], 'TRY': [14.7, 18.1], 'AED': [120.5, 130.5], 'UAH': [5, 9], 'THB': [12.5, 15.5], 'INR': [4.45, 5.45], 'EGP': [0, 0], 'CAD': [325, 355], 'KPW': [0, 0], 'KRW': [31.5, 34.9], 'MNT': [0, 0], 'TMT': [0, 0], 'GEL': [157, 187], 'GOLD': [36650, 38150], 'AZN': [0, 0], 'BHD': [0, 0], 'AMD': [0, 0], 'BYN': [0, 0], 'BRL': [0, 0], 'HUF': [0, 0], 'HKD': [50.5, 60.5], 'DKK': [0, 0], 'IRR': [0, 0], 'KWD': [0, 0], 'MYR': [95, 105], 'MXN': [0, 0], 'MDL': [0, 0], 'NOK': [0, 0], 'PLN': [103, 123], 'SAR': [0, 0], 'XDR': [0, 0], 'SGD': [0, 0], 'TJS': [0, 0], 'CZK': [16.5, 22.5], 'SEK': [0, 0], 'ZAR': [0, 0], 'ILS': [103, 123], 'QAR': [0, 0], 'VND': [0, 0], 'LKR': [0, 0], 'OMR': [0, 0], 'PKR': [0, 0], 'MVR': [0, 0], 'IDR': [0, 0]}",0,False,,43.218441707626,76.842873194025,5,1,False,False,1721226145,"{'mon': ['9:00', '20:00', '', ''], 'tue': ['9:00', '20:00', '', ''], 'wed': ['9:00', '20:00', '', ''], 'thu': ['9:00', '20:00', '', ''], 'fri': ['9:00', '20:00', '', ''], 'sat': ['9:00', '20:00', '', ''], 'sun': ['9:00', '20:00', '', ''], 'holyday': ['9:00', '20:00', '', ''], 'nonstop': False, 'closed': False, 'worknow': False}",0
5325,МиГ 19,"ул. Халиуллина, 194, ТЦ ""Magnum"", правое крыло",Алматы,"ул. Халиуллина, 194, ТЦ ""Magnum"", правое крыло",,"['+77273410450', '+77012287435']",1721226145,0,"{'USD': [474.5, 476.3], 'EUR': [518, 522], 'RUB': [5.29, 5.39], 'KGS': [5.55, 5.95], 'CNY': [64.3, 66.3], 'GBP': [615, 633], 'CHF': [505, 529], 'UZS': [3.6, 4.45], 'JPY': [2.55, 3.03], 'AUD': [0, 0], 'TRY': [14.7, 18.1], 'AED': [120.5, 130.5], 'UAH': [5, 9], 'THB': [12.5, 15.5], 'INR': [4.45, 5.45], 'EGP': [0, 0], 'CAD': [325, 355], 'KPW': [0, 0], 'KRW': [31.5, 34.9], 'MNT': [0, 0], 'TMT': [0, 0], 'GEL': [157, 187], 'GOLD': [36650, 38150], 'AZN': [0, 0], 'BHD': [0, 0], 'AMD': [0, 0], 'BYN': [0, 0], 'BRL': [0, 0], 'HUF': [0, 0], 'HKD': [50.5, 60.5], 'DKK': [0, 0], 'IRR': [0, 0], 'KWD': [0, 0], 'MYR': [95, 105], 'MXN': [0, 0], 'MDL': [0, 0], 'NOK': [0, 0], 'PLN': [103, 123], 'SAR': [0, 0], 'XDR': [0, 0], 'SGD': [0, 0], 'TJS': [0, 0], 'CZK': [16.5, 22.5], 'SEK': [0, 0], 'ZAR': [0, 0], 'ILS': [103, 123], 'QAR': [0, 0], 'VND': [0, 0], 'LKR': [0, 0], 'OMR': [0, 0], 'PKR': [0, 0], 'MVR': [0, 0], 'IDR': [0, 0]}",0,False,,43.292643264862,77.011278780085,5,1,False,False,1721226145,"{'mon': ['9:00', '20:00', '', ''], 'tue': ['9:00', '20:00', '', ''], 'wed': ['9:00', '20:00', '', ''], 'thu': ['9:00', '20:00', '', ''], 'fri': ['9:00', '20:00', '', ''], 'sat': ['9:00', '20:00', '', ''], 'sun': ['9:00', '20:00', '', ''], 'holyday': ['9:00', '20:00', '', ''], 'nonstop': False, 'closed': False, 'worknow': False}",0
5326,МиГ 20,"мкр. Ақбұлақ ул. Хан шатыр, 273, ТЦ «Magnum»",Алматы,"мкр. Ақбұлақ ул. Хан шатыр, 273, ТЦ «Magnum»",,"['+77273410441', '+77019828851']",1721226145,0,"{'USD': [474.5, 476.3], 'EUR': [518, 522], 'RUB': [5.29, 5.39], 'KGS': [5.55, 5.95], 'CNY': [64.3, 66.3], 'GBP': [615, 633], 'CHF': [505, 529], 'UZS': [3.6, 4.45], 'JPY': [2.55, 3.03], 'AUD': [0, 0], 'TRY': [14.7, 18.1], 'AED': [120.5, 130.5], 'UAH': [5, 9], 'THB': [12.5, 15.5], 'INR': [4.45, 5.45], 'EGP': [0, 0], 'CAD': [325, 355], 'KPW': [0, 0], 'KRW': [31.5, 34.9], 'MNT': [0, 0], 'TMT': [0, 0], 'GEL': [157, 187], 'GOLD': [36650, 38150], 'AZN': [0, 0], 'BHD': [0, 0], 'AMD': [0, 0], 'BYN': [0, 0], 'BRL': [0, 0], 'HUF': [0, 0], 'HKD': [50.5, 60.5], 'DKK': [0, 0], 'IRR': [0, 0], 'KWD': [0, 0], 'MYR': [95, 105], 'MXN': [0, 0], 'MDL': [0, 0], 'NOK': [0, 0], 'PLN': [103, 123], 'SAR': [0, 0], 'XDR': [0, 0], 'SGD': [0, 0], 'TJS': [0, 0], 'CZK': [16.5, 22.5], 'SEK': [0, 0], 'ZAR': [0, 0], 'ILS': [103, 123], 'QAR': [0, 0], 'VND': [0, 0], 'LKR': [0, 0], 'OMR': [0, 0], 'PKR': [0, 0], 'MVR': [0, 0], 'IDR': [0, 0]}",0,False,,43.249998207885,76.823739453137,5,1,False,False,1721226145,"{'mon': ['9:00', '20:00', '', ''], 'tue': ['9:00', '20:00', '', ''], 'wed': ['9:00', '20:00', '', ''], 'thu': ['9:00', '20:00', '', ''], 'fri': ['9:00', '20:00', '', ''], 'sat': ['9:00', '20:00', '', ''], 'sun': ['9:00', '20:00', '', ''], 'holyday': ['9:00', '20:00', '', ''], 'nonstop': False, 'closed': False, 'worknow': False}",0
5328,МиГ 22,"пр. Сейфуллина, 565/140,  уг. ул. Кабанбай батыра",Алматы,"пр. Сейфуллина, 565/140,  уг. ул. Кабанбай батыра",,"['+77272675150', '+77010272968']",1721226145,0,"{'USD': [474.5, 476.3], 'EUR': [518, 522], 'RUB': [5.29, 5.39], 'KGS': [5.55, 5.95], 'CNY': [64.3, 66.3], 'GBP': [615, 633], 'CHF': [505, 529], 'UZS': [3.6, 4.45], 'JPY': [2.55, 3.03], 'AUD': [0, 0], 'TRY': [14.7, 18.1], 'AED': [120.5, 130.5], 'UAH': [5, 9], 'THB': [12.5, 15.5], 'INR': [4.45, 5.45], 'EGP': [0, 0], 'CAD': [325, 355], 'KPW': [0, 0], 'KRW': [31.5, 34.9], 'MNT': [0, 0], 'TMT': [0, 0], 'GEL': [157, 187], 'GOLD': [36650, 38150], 'AZN': [0, 0], 'BHD': [0, 0], 'AMD': [0, 0], 'BYN': [0, 0], 'BRL': [0, 0], 'HUF': [0, 0], 'HKD': [50.5, 60.5], 'DKK': [0, 0], 'IRR': [0, 0], 'KWD': [0, 0], 'MYR': [95, 105], 'MXN': [0, 0], 'MDL': [0, 0], 'NOK': [0, 0], 'PLN': [103, 123], 'SAR': [0, 0], 'XDR': [0, 0], 'SGD': [0, 0], 'TJS': [0, 0], 'CZK': [16.5, 22.5], 'SEK': [0, 0], 'ZAR': [0, 0], 'ILS': [103, 123], 'QAR': [0, 0], 'VND': [0, 0], 'LKR': [0, 0], 'OMR': [0, 0], 'PKR': [0, 0], 'MVR': [0, 0], 'IDR': [0, 0]}",0,False,,43.248404788331,76.933257157543,5,1,False,False,1721226145,"{'mon': ['9:00', '20:00', '', ''], 'tue': ['9:00', '20:00', '', ''], 'wed': ['9:00', '20:00', '', ''], 'thu': ['9:00', '20:00', '', ''], 'fri': ['9:00', '20:00', '', ''], 'sat': ['9:00', '20:00', '', ''], 'sun': ['9:00', '20:00', '', ''], 'holyday': ['9:00', '20:00', '', ''], 'nonstop': False, 'closed': False, 'worknow': False}",0
5329,МиГ 23,"ул. Шолохова, 4, уг. ул. Акан Серы",Алматы,"ул. Шолохова, 4, уг. ул. Акан Серы",,"['+77272214937', '+77010298498']",1721226145,0,"{'USD': [474.5, 476.3], 'EUR': [518, 522], 'RUB': [5.29, 5.39], 'KGS': [5.55, 5.95], 'CNY': [64.3, 66.3], 'GBP': [615, 633], 'CHF': [505, 529], 'UZS': [3.6, 4.45], 'JPY': [2.55, 3.03], 'AUD': [0, 0], 'TRY': [14.7, 18.1], 'AED': [120.5, 130.5], 'UAH': [5, 9], 'THB': [12.5, 15.5], 'INR': [4.45, 5.45], 'EGP': [0, 0], 'CAD': [325, 355], 'KPW': [0, 0], 'KRW': [31.5, 34.9], 'MNT': [0, 0], 'TMT': [0, 0], 'GEL': [157, 187], 'GOLD': [36650, 38150], 'AZN': [0, 0], 'BHD': [0, 0], 'AMD': [0, 0], 'BYN': [0, 0], 'BRL': [0, 0], 'HUF': [0, 0], 'HKD': [50.5, 60.5], 'DKK': [0, 0], 'IRR': [0, 0], 'KWD': [0, 0], 'MYR': [95, 105], 'MXN': [0, 0], 'MDL': [0, 0], 'NOK': [0, 0], 'PLN': [103, 123], 'SAR': [0, 0], 'XDR': [0, 0], 'SGD': [0, 0], 'TJS': [0, 0], 'CZK': [16.5, 22.5], 'SEK': [0, 0], 'ZAR': [0, 0], 'ILS': [103, 123], 'QAR': [0, 0], 'VND': [0, 0], 'LKR': [0, 0], 'OMR': [0, 0], 'PKR': [0, 0], 'MVR': [0, 0], 'IDR': [0, 0]}",0,False,,43.333659897948,76.954449712548,5,1,False,False,1721226145,"{'mon': ['9:00', '20:00', '', ''], 'tue': ['9:00', '20:00', '', ''], 'wed': ['9:00', '20:00', '', ''], 'thu': ['9:00', '20:00', '', ''], 'fri': ['9:00', '20:00', '', ''], 'sat': ['9:00', '20:00', '', ''], 'sun': ['9:00', '20:00', '', ''], 'holyday': ['9:00', '20:00', '', ''], 'nonstop': False, 'closed': False, 'worknow': False}",0
5331,МиГ 25,"мкр. Кемел, ул. Ақсуат, 34, ТЦ «Magnum»",Алматы,"мкр. Кемел, ул. Ақсуат, 34, ТЦ «Magnum»",,"['+77273410455', '+77010274751']",1721226145,0,"{'USD': [474.5, 476.3], 'EUR': [518, 522], 'RUB': [5.29, 5.39], 'KGS': [5.55, 5.95], 'CNY': [64.3, 66.3], 'GBP': [615, 633], 'CHF': [505, 529], 'UZS': [3.6, 4.45], 'JPY': [2.55, 3.03], 'AUD': [0, 0], 'TRY': [14.7, 18.1], 'AED': [120.5, 130.5], 'UAH': [5, 9], 'THB': [12.5, 15.5], 'INR': [4.45, 5.45], 'EGP': [0, 0], 'CAD': [325, 355], 'KPW': [0, 0], 'KRW': [31.5, 34.9], 'MNT': [0, 0], 'TMT': [0, 0], 'GEL': [157, 187], 'GOLD': [36650, 38150], 'AZN': [0, 0], 'BHD': [0, 0], 'AMD': [0, 0], 'BYN': [0, 0], 'BRL': [0, 0], 'HUF': [0, 0], 'HKD': [50.5, 60.5], 'DKK': [0, 0], 'IRR': [0, 0], 'KWD': [0, 0], 'MYR': [95, 105], 'MXN': [0, 0], 'MDL': [0, 0], 'NOK': [0, 0], 'PLN': [103, 123], 'SAR': [0, 0], 'XDR': [0, 0], 'SGD': [0, 0], 'TJS': [0, 0], 'CZK': [16.5, 22.5], 'SEK': [0, 0], 'ZAR': [0, 0], 'ILS': [103, 123], 'QAR': [0, 0], 'VND': [0, 0], 'LKR': [0, 0], 'OMR': [0, 0], 'PKR': [0, 0], 'MVR': [0, 0], 'IDR': [0, 0]}",0,False,,43.367342690557,76.948971008319,5,1,False,False,1721226145,"{'mon': ['9:00', '20:00', '', ''], 'tue': ['9:00', '20:00', '', ''], 'wed': ['9:00', '20:00', '', ''], 'thu': ['9:00', '20:00', '', ''], 'fri': ['9:00', '20:00', '', ''], 'sat': ['9:00', '20:00', '', ''], 'sun': ['9:00', '20:00', '', ''], 'holyday': ['9:00', '20:00', '', ''], 'nonstop': False, 'closed': False, 'worknow': False}",0
5766,МиГ 26,"ул. Радостовца, 292, ТЦ «Магнум»",Алматы,"ул. Радостовца, 292, ТЦ «Магнум»",,"['+77273410105', '+77010352661']",1721226145,0,"{'USD': [474.5, 476.3], 'EUR': [518, 522], 'RUB': [5.29, 5.39], 'KGS': [5.55, 5.95], 'CNY': [64.3, 66.3], 'GBP': [615, 633], 'CHF': [505, 529], 'UZS': [3.6, 4.45], 'JPY': [2.55, 3.03], 'AUD': [0, 0], 'TRY': [14.7, 18.1], 'AED': [120.5, 130.5], 'UAH': [5, 9], 'THB': [12.5, 15.5], 'INR': [4.45, 5.45], 'EGP': [0, 0], 'CAD': [325, 355], 'KPW': [0, 0], 'KRW': [31.5, 34.9], 'MNT': [0, 0], 'TMT': [0, 0], 'GEL': [157, 187], 'GOLD': [36650, 38150], 'AZN': [0, 0], 'BHD': [0, 0], 'AMD': [0, 0], 'BYN': [0, 0], 'BRL': [0, 0], 'HUF': [0, 0], 'HKD': [50.5, 60.5], 'DKK': [0, 0], 'IRR': [0, 0], 'KWD': [0, 0], 'MYR': [95, 105], 'MXN': [0, 0], 'MDL': [0, 0], 'NOK': [0, 0], 'PLN': [103, 123], 'SAR': [0, 0], 'XDR': [0, 0], 'SGD': [0, 0], 'TJS': [0, 0], 'CZK': [16.5, 22.5], 'SEK': [0, 0], 'ZAR': [0, 0], 'ILS': [103, 123], 'QAR': [0, 0], 'VND': [0, 0], 'LKR': [0, 0], 'OMR': [0, 0], 'PKR': [0, 0], 'MVR': [0, 0], 'IDR': [0, 0]}",0,False,,43.20634746282,76.897825805313,5,1,False,False,1721226145,"{'mon': ['9:00', '20:00', '', ''], 'tue': ['9:00', '20:00', '', ''], 'wed': ['9:00', '20:00', '', ''], 'thu': ['9:00', '20:00', '', ''], 'fri': ['9:00', '20:00', '', ''], 'sat': ['9:00', '20:00', '', ''], 'sun': ['9:00', '20:00', '', ''], 'holyday': ['9:00', '20:00', '', ''], 'nonstop': False, 'closed': False, 'worknow': False}",0
5817,МиГ 27,"мкр. Орбита-3, 1, уг. ул. Торайгырова и ул. Мустафина",Алматы,"мкр. Орбита-3, 1, уг. ул. Торайгырова и ул. Мустафина",,"['+77272221800', '+77010328159']",1721226145,0,"{'USD': [474.5, 476.3], 'EUR': [518, 522], 'RUB': [5.29, 5.39], 'KGS': [5.55, 5.95], 'CNY': [64.3, 66.3], 'GBP': [615, 633], 'CHF': [505, 529], 'UZS': [3.6, 4.45], 'JPY': [2.55, 3.03], 'AUD': [0, 0], 'TRY': [14.7, 18.1], 'AED': [120.5, 130.5], 'UAH': [5, 9], 'THB': [12.5, 15.5], 'INR': [4.45, 5.45], 'EGP': [0, 0], 'CAD': [325, 355], 'KPW': [0, 0], 'KRW': [31.5, 34.9], 'MNT': [0, 0], 'TMT': [0, 0], 'GEL': [157, 187], 'GOLD': [36650, 38150], 'AZN': [0, 0], 'BHD': [0, 0], 'AMD': [0, 0], 'BYN': [0, 0], 'BRL': [0, 0], 'HUF': [0, 0], 'HKD': [50.5, 60.5], 'DKK': [0, 0], 'IRR': [0, 0], 'KWD': [0, 0], 'MYR': [95, 105], 'MXN': [0, 0], 'MDL': [0, 0], 'NOK': [0, 0], 'PLN': [103, 123], 'SAR': [0, 0], 'XDR': [0, 0], 'SGD': [0, 0], 'TJS': [0, 0], 'CZK': [16.5, 22.5], 'SEK': [0, 0], 'ZAR': [0, 0], 'ILS': [103, 123], 'QAR': [0, 0], 'VND': [0, 0], 'LKR': [0, 0], 'OMR': [0, 0], 'PKR': [0, 0], 'MVR': [0, 0], 'IDR': [0, 0]}",0,False,,43.202216414229,76.878315432541,5,1,False,False,1721226145,"{'mon': ['9:00', '20:00', '', ''], 'tue': ['9:00', '20:00', '', ''], 'wed': ['9:00', '20:00', '', ''], 'thu': ['9:00', '20:00', '', ''], 'fri': ['9:00', '20:00', '', ''], 'sat': ['9:00', '20:00', '', ''], 'sun': ['9:00', '20:00', '', ''], 'holyday': ['9:00', '20:00', '', ''], 'nonstop': False, 'closed': False, 'worknow': False}",0
5980,МиГ 28,"мкр. Аксай-3, 1, уг. ул. Толе би и ул. Момышулы",Алматы,"мкр. Аксай-3, 1, уг. ул. Толе би и ул. Момышулы",,"['+77272223765', '+77010328158']",1721226145,0,"{'USD': [474.5, 476.3], 'EUR': [518, 522], 'RUB': [5.29, 5.39], 'KGS': [5.55, 5.95], 'CNY': [64.3, 66.3], 'GBP': [615, 633], 'CHF': [505, 529], 'UZS': [3.6, 4.45], 'JPY': [2.55, 3.03], 'AUD': [0, 0], 'TRY': [14.7, 18.1], 'AED': [120.5, 130.5], 'UAH': [5, 9], 'THB': [12.5, 15.5], 'INR': [4.45, 5.45], 'EGP': [0, 0], 'CAD': [325, 355], 'KPW': [0, 0], 'KRW': [31.5, 34.9], 'MNT': [0, 0], 'TMT': [0, 0], 'GEL': [157, 187], 'GOLD': [36650, 38150], 'AZN': [0, 0], 'BHD': [0, 0], 'AMD': [0, 0], 'BYN': [0, 0], 'BRL': [0, 0], 'HUF': [0, 0], 'HKD': [50.5, 60.5], 'DKK': [0, 0], 'IRR': [0, 0], 'KWD': [0, 0], 'MYR': [95, 105], 'MXN': [0, 0], 'MDL': [0, 0], 'NOK': [0, 0], 'PLN': [103, 123], 'SAR': [0, 0], 'XDR': [0, 0], 'SGD': [0, 0], 'TJS': [0, 0], 'CZK': [16.5, 22.5], 'SEK': [0, 0], 'ZAR': [0, 0], 'ILS': [103, 123], 'QAR': [0, 0], 'VND': [0, 0], 'LKR': [0, 0], 'OMR': [0, 0], 'PKR': [0, 0], 'MVR': [0, 0], 'IDR': [0, 0]}",0,False,,43.238384090718,76.82846546173,5,1,False,False,1721226145,"{'mon': ['9:00', '20:00', '', ''], 'tue': ['9:00', '20:00', '', ''], 'wed': ['9:00', '20:00', '', ''], 'thu': ['9:00', '20:00', '', ''], 'fri': ['9:00', '20:00', '', ''], 'sat': ['9:00', '20:00', '', ''], 'sun': ['9:00', '20:00', '', ''], 'holyday': ['9:00', '20:00', '', ''], 'nonstop': False, 'closed': False, 'worknow': False}",0
6623,МиГ 29,"пр. Достык, 248, ниже улицы Омаровой",Алматы,"пр. Достык, 248, ниже улицы Омаровой",,"['+77272251549', '+77010595213']",1721226145,0,"{'USD': [474.5, 476.3], 'EUR': [518, 522], 'RUB': [5.29, 5.39], 'KGS': [5.55, 5.95], 'CNY': [64.3, 66.3], 'GBP': [615, 633], 'CHF': [505, 529], 'UZS': [3.6, 4.45], 'JPY': [2.55, 3.03], 'AUD': [0, 0], 'TRY': [14.7, 18.1], 'AED': [120.5, 130.5], 'UAH': [5, 9], 'THB': [12.5, 15.5], 'INR': [4.45, 5.45], 'EGP': [0, 0], 'CAD': [325, 355], 'KPW': [0, 0], 'KRW': [31.5, 34.9], 'MNT': [0, 0], 'TMT': [0, 0], 'GEL': [157, 187], 'GOLD': [36650, 38150], 'AZN': [0, 0], 'BHD': [0, 0], 'AMD': [0, 0], 'BYN': [0, 0], 'BRL': [0, 0], 'HUF': [0, 0], 'HKD': [50.5, 60.5], 'DKK': [0, 0], 'IRR': [0, 0], 'KWD': [0, 0], 'MYR': [95, 105], 'MXN': [0, 0], 'MDL': [0, 0], 'NOK': [0, 0], 'PLN': [103, 123], 'SAR': [0, 0], 'XDR': [0, 0], 'SGD': [0, 0], 'TJS': [0, 0], 'CZK': [16.5, 22.5], 'SEK': [0, 0], 'ZAR': [0, 0], 'ILS': [103, 123], 'QAR': [0, 0], 'VND': [0, 0], 'LKR': [0, 0], 'OMR': [0, 0], 'PKR': [0, 0], 'MVR': [0, 0], 'IDR': [0, 0]}",0,False,,43.223414539279,76.963087915344,5,1,False,False,1721226145,"{'mon': ['9:00', '20:00', '', ''], 'tue': ['9:00', '20:00', '', ''], 'wed': ['9:00', '20:00', '', ''], 'thu': ['9:00', '20:00', '', ''], 'fri': ['9:00', '20:00', '', ''], 'sat': ['9:00', '20:00', '', ''], 'sun': ['9:00', '20:00', '', ''], 'holyday': ['9:00', '20:00', '', ''], 'nonstop': False, 'closed': False, 'worknow': False}",0
6696,МиГ 31,"мкр. Айнабулак-4, 178",Алматы,"мкр. Айнабулак-4, 178",,"['+77272298971', '+77088495797']",1721226145,0,"{'USD': [474.5, 476.3], 'EUR': [518, 522], 'RUB': [5.29, 5.39], 'KGS': [5.55, 5.95], 'CNY': [64.3, 66.3], 'GBP': [615, 633], 'CHF': [505, 529], 'UZS': [3.6, 4.45], 'JPY': [2.55, 3.03], 'AUD': [0, 0], 'TRY': [14.7, 18.1], 'AED': [120.5, 130.5], 'UAH': [5, 9], 'THB': [12.5, 15.5], 'INR': [4.45, 5.45], 'EGP': [0, 0], 'CAD': [325, 355], 'KPW': [0, 0], 'KRW': [31.5, 34.9], 'MNT': [0, 0], 'TMT': [0, 0], 'GEL': [157, 187], 'GOLD': [36650, 38150], 'AZN': [0, 0], 'BHD': [0, 0], 'AMD': [0, 0], 'BYN': [0, 0], 'BRL': [0, 0], 'HUF': [0, 0], 'HKD': [50.5, 60.5], 'DKK': [0, 0], 'IRR': [0, 0], 'KWD': [0, 0], 'MYR': [95, 105], 'MXN': [0, 0], 'MDL': [0, 0], 'NOK': [0, 0], 'PLN': [103, 123], 'SAR': [0, 0], 'XDR': [0, 0], 'SGD': [0, 0], 'TJS': [0, 0], 'CZK': [16.5, 22.5], 'SEK': [0, 0], 'ZAR': [0, 0], 'ILS': [103, 123], 'QAR': [0, 0], 'VND': [0, 0], 'LKR': [0, 0], 'OMR': [0, 0], 'PKR': [0, 0], 'MVR': [0, 0], 'IDR': [0, 0]}",0,False,,43.323593918748,76.911805845056,5,1,False,False,1721226145,"{'mon': ['9:00', '20:00', '', ''], 'tue': ['9:00', '20:00', '', ''], 'wed': ['9:00', '20:00', '', ''], 'thu': ['9:00', '20:00', '', ''], 'fri': ['9:00', '20:00', '', ''], 'sat': ['9:00', '20:00', '', ''], 'sun': ['9:00', '20:00', '', ''], 'holyday': ['9:00', '20:00', '', ''], 'nonstop': False, 'closed': False, 'worknow': False}",0
8075,МиГ 33,"мкр. Казахфильм, 37",Алматы,"мкр. Казахфильм, 37",,"['+77272240260', '+77010828311']",1721226145,0,"{'USD': [474.5, 476.3], 'EUR': [518, 522], 'RUB': [5.29, 5.39], 'KGS': [5.55, 5.95], 'CNY': [64.3, 66.3], 'GBP': [615, 633], 'CHF': [505, 529], 'UZS': [3.6, 4.45], 'JPY': [2.55, 3.03], 'AUD': [0, 0], 'TRY': [14.7, 18.1], 'AED': [120.5, 130.5], 'UAH': [5, 9], 'THB': [12.5, 15.5], 'INR': [4.45, 5.45], 'EGP': [0, 0], 'CAD': [325, 355], 'KPW': [0, 0], 'KRW': [31.5, 34.9], 'MNT': [0, 0], 'TMT': [0, 0], 'GEL': [157, 187], 'GOLD': [36650, 38150], 'AZN': [0, 0], 'BHD': [0, 0], 'AMD': [0, 0], 'BYN': [0, 0], 'BRL': [0, 0], 'HUF': [0, 0], 'HKD': [50.5, 60.5], 'DKK': [0, 0], 'IRR': [0, 0], 'KWD': [0, 0], 'MYR': [95, 105], 'MXN': [0, 0], 'MDL': [0, 0], 'NOK': [0, 0], 'PLN': [103, 123], 'SAR': [0, 0], 'XDR': [0, 0], 'SGD': [0, 0], 'TJS': [0, 0], 'CZK': [16.5, 22.5], 'SEK': [0, 0], 'ZAR': [0, 0], 'ILS': [103, 123], 'QAR': [0, 0], 'VND': [0, 0], 'LKR': [0, 0], 'OMR': [0, 0], 'PKR': [0, 0], 'MVR': [0, 0], 'IDR': [0, 0]}",0,False,,43.198275833847,76.907275915344,5,1,False,False,1721226145,"{'mon': ['9:00', '20:00', '', ''], 'tue': ['9:00', '20:00', '', ''], 'wed': ['9:00', '20:00', '', ''], 'thu': ['9:00', '20:00', '', ''], 'fri': ['9:00', '20:00', '', ''], 'sat': ['9:00', '20:00', '', ''], 'sun': ['9:00', '20:00', '', ''], 'holyday': ['9:00', '20:00', '', ''], 'nonstop': False, 'closed': False, 'worknow': False}",0
8522,МиГ 34,"пр. Абая, 141, между ул. Жарокова и пр. Гагарина",Алматы,"пр. Абая, 141, между ул. Жарокова и пр. Гагарина",,"['+77272291411', '+77010829329']",1721226145,0,"{'USD': [474.5, 476.3], 'EUR': [518, 522], 'RUB': [5.29, 5.39], 'KGS': [5.55, 5.95], 'CNY': [64.3, 66.3], 'GBP': [615, 633], 'CHF': [505, 529], 'UZS': [3.6, 4.45], 'JPY': [2.55, 3.03], 'AUD': [0, 0], 'TRY': [14.7, 18.1], 'AED': [120.5, 130.5], 'UAH': [5, 9], 'THB': [12.5, 15.5], 'INR': [4.45, 5.45], 'EGP': [0, 0], 'CAD': [325, 355], 'KPW': [0, 0], 'KRW': [31.5, 34.9], 'MNT': [0, 0], 'TMT': [0, 0], 'GEL': [157, 187], 'GOLD': [36650, 38150], 'AZN': [0, 0], 'BHD': [0, 0], 'AMD': [0, 0], 'BYN': [0, 0], 'BRL': [0, 0], 'HUF': [0, 0], 'HKD': [50.5, 60.5], 'DKK': [0, 0], 'IRR': [0, 0], 'KWD': [0, 0], 'MYR': [95, 105], 'MXN': [0, 0], 'MDL': [0, 0], 'NOK': [0, 0], 'PLN': [103, 123], 'SAR': [0, 0], 'XDR': [0, 0], 'SGD': [0, 0], 'TJS': [0, 0], 'CZK': [16.5, 22.5], 'SEK': [0, 0], 'ZAR': [0, 0], 'ILS': [103, 123], 'QAR': [0, 0], 'VND': [0, 0], 'LKR': [0, 0], 'OMR': [0, 0], 'PKR': [0, 0], 'MVR': [0, 0], 'IDR': [0, 0]}",0,False,,43.239581907099,76.897019603844,5,1,False,False,1721226145,"{'mon': ['9:00', '20:00', '', ''], 'tue': ['9:00', '20:00', '', ''], 'wed': ['9:00', '20:00', '', ''], 'thu': ['9:00', '20:00', '', ''], 'fri': ['9:00', '20:00', '', ''], 'sat': ['9:00', '20:00', '', ''], 'sun': ['9:00', '20:00', '', ''], 'holyday': ['9:00', '20:00', '', ''], 'nonstop': False, 'closed': False, 'worknow': False}",0
10382,МиГ 3,"пр. Райымбека, 100, уг. пр. Назарбаева",Алматы,"пр. Райымбека, 100, уг. пр. Назарбаева",,"['+77273410048', '+77019583731']",1721226145,0,"{'USD': [474.5, 476.3], 'EUR': [518, 522], 'RUB': [5.29, 5.39], 'KGS': [5.55, 5.95], 'CNY': [64.3, 66.3], 'GBP': [615, 633], 'CHF': [505, 529], 'UZS': [3.6, 4.45], 'JPY': [2.55, 3.03], 'AUD': [0, 0], 'TRY': [14.7, 18.1], 'AED': [120.5, 130.5], 'UAH': [5, 9], 'THB': [12.5, 15.5], 'INR': [4.45, 5.45], 'EGP': [0, 0], 'CAD': [325, 355], 'KPW': [0, 0], 'KRW': [31.5, 34.9], 'MNT': [0, 0], 'TMT': [0, 0], 'GEL': [157, 187], 'GOLD': [36650, 38150], 'AZN': [0, 0], 'BHD': [0, 0], 'AMD': [0, 0], 'BYN': [0, 0], 'BRL': [0, 0], 'HUF': [0, 0], 'HKD': [50.5, 60.5], 'DKK': [0, 0], 'IRR': [0, 0], 'KWD': [0, 0], 'MYR': [95, 105], 'MXN': [0, 0], 'MDL': [0, 0], 'NOK': [0, 0], 'PLN': [103, 123], 'SAR': [0, 0], 'XDR': [0, 0], 'SGD': [0, 0], 'TJS': [0, 0], 'CZK': [16.5, 22.5], 'SEK': [0, 0], 'ZAR': [0, 0], 'ILS': [103, 123], 'QAR': [0, 0], 'VND': [0, 0], 'LKR': [0, 0], 'OMR': [0, 0], 'PKR': [0, 0], 'MVR': [0, 0], 'IDR': [0, 0]}",0,False,,43.270034269848,76.945838928223,5,1,False,False,1721226145,"{'mon': ['9:00', '20:00', '', ''], 'tue': ['9:00', '20:00', '', ''], 'wed': ['9:00', '20:00', '', ''], 'thu': ['9:00', '20:00', '', ''], 'fri': ['9:00', '20:00', '', ''], 'sat': ['9:00', '20:00', '', ''], 'sun': ['9:00', '20:00', '', ''], 'holyday': ['9:00', '20:00', '', ''], 'nonstop': False, 'closed': False, 'worknow': False}",0
11193,МиГ 2,"пр. Достык, 40, уг. ул. Кабанбай батыра",Алматы,"пр. Достык, 40, уг. ул. Кабанбай батыра",,"['+77273410069', '+77010595215']",1721226145,0,"{'USD': [474.5, 476.3], 'EUR': [518, 522], 'RUB': [5.29, 5.39], 'KGS': [5.55, 5.95], 'CNY': [64.3, 66.3], 'GBP': [615, 633], 'CHF': [505, 529], 'UZS': [3.6, 4.45], 'JPY': [2.55, 3.03], 'AUD': [0, 0], 'TRY': [14.7, 18.1], 'AED': [120.5, 130.5], 'UAH': [5, 9], 'THB': [12.5, 15.5], 'INR': [4.45, 5.45], 'EGP': [0, 0], 'CAD': [325, 355], 'KPW': [0, 0], 'KRW': [31.5, 34.9], 'MNT': [0, 0], 'TMT': [0, 0], 'GEL': [157, 187], 'GOLD': [36650, 38150], 'AZN': [0, 0], 'BHD': [0, 0], 'AMD': [0, 0], 'BYN': [0, 0], 'BRL': [0, 0], 'HUF': [0, 0], 'HKD': [50.5, 60.5], 'DKK': [0, 0], 'IRR': [0, 0], 'KWD': [0, 0], 'MYR': [95, 105], 'MXN': [0, 0], 'MDL': [0, 0], 'NOK': [0, 0], 'PLN': [103, 123], 'SAR': [0, 0], 'XDR': [0, 0], 'SGD': [0, 0], 'TJS': [0, 0], 'CZK': [16.5, 22.5], 'SEK': [0, 0], 'ZAR': [0, 0], 'ILS': [103, 123], 'QAR': [0, 0], 'VND': [0, 0], 'LKR': [0, 0], 'OMR': [0, 0], 'PKR': [0, 0], 'MVR': [0, 0], 'IDR': [0, 0]}",0,False,,43.250665197521,76.956518016164,5,1,False,False,1721226145,"{'mon': ['9:00', '20:00', '', ''], 'tue': ['9:00', '20:00', '', ''], 'wed': ['9:00', '20:00', '', ''], 'thu': ['9:00', '20:00', '', ''], 'fri': ['9:00', '20:00', '', ''], 'sat': ['9:00', '20:00', '', ''], 'sun': ['9:00', '20:00', '', ''], 'holyday': ['9:00', '20:00', '', ''], 'nonstop': False, 'closed': False, 'worknow': False}",0
11629,МиГ 24,"ул. Жандосова, 58, уг. ул. Айманова",Алматы,"ул. Жандосова, 58, уг. ул. Айманова",,"['+77273410899', '+77017664695']",1721226145,0,"{'USD': [474.5, 476.3], 'EUR': [518, 522], 'RUB': [5.29, 5.39], 'KGS': [5.55, 5.95], 'CNY': [64.3, 66.3], 'GBP': [615, 633], 'CHF': [505, 529], 'UZS': [3.6, 4.45], 'JPY': [2.55, 3.03], 'AUD': [0, 0], 'TRY': [14.7, 18.1], 'AED': [120.5, 130.5], 'UAH': [5, 9], 'THB': [12.5, 15.5], 'INR': [4.45, 5.45], 'EGP': [0, 0], 'CAD': [325, 355], 'KPW': [0, 0], 'KRW': [31.5, 34.9], 'MNT': [0, 0], 'TMT': [0, 0], 'GEL': [157, 187], 'GOLD': [36650, 38150], 'AZN': [0, 0], 'BHD': [0, 0], 'AMD': [0, 0], 'BYN': [0, 0], 'BRL': [0, 0], 'HUF': [0, 0], 'HKD': [50.5, 60.5], 'DKK': [0, 0], 'IRR': [0, 0], 'KWD': [0, 0], 'MYR': [95, 105], 'MXN': [0, 0], 'MDL': [0, 0], 'NOK': [0, 0], 'PLN': [103, 123], 'SAR': [0, 0], 'XDR': [0, 0], 'SGD': [0, 0], 'TJS': [0, 0], 'CZK': [16.5, 22.5], 'SEK': [0, 0], 'ZAR': [0, 0], 'ILS': [103, 123], 'QAR': [0, 0], 'VND': [0, 0], 'LKR': [0, 0], 'OMR': [0, 0], 'PKR': [0, 0], 'MVR': [0, 0], 'IDR': [0, 0]}",0,False,,43.230657423171,76.897162803583,5,1,False,False,1721226145,"{'mon': ['9:00', '20:00', '', ''], 'tue': ['9:00', '20:00', '', ''], 'wed': ['9:00', '20:00', '', ''], 'thu': ['9:00', '20:00', '', ''], 'fri': ['9:00', '20:00', '', ''], 'sat': ['9:00', '20:00', '', ''], 'sun': ['9:00', '20:00', '', ''], 'holyday': ['9:00', '20:00', '', ''], 'nonstop': False, 'closed': False, 'worknow': False}",0
12087,МиГ 32,"мкр. Айнабулак, 9",Алматы,"мкр. Айнабулак, 9",,"['+77272979370', '+77010595217']",1721226145,0,"{'USD': [474.5, 476.3], 'EUR': [518, 522], 'RUB': [5.29, 5.39], 'KGS': [5.55, 5.95], 'CNY': [64.3, 66.3], 'GBP': [615, 633], 'CHF': [505, 529], 'UZS': [3.6, 4.45], 'JPY': [2.55, 3.03], 'AUD': [0, 0], 'TRY': [14.7, 18.1], 'AED': [120.5, 130.5], 'UAH': [5, 9], 'THB': [12.5, 15.5], 'INR': [4.45, 5.45], 'EGP': [0, 0], 'CAD': [325, 355], 'KPW': [0, 0], 'KRW': [31.5, 34.9], 'MNT': [0, 0], 'TMT': [0, 0], 'GEL': [157, 187], 'GOLD': [36650, 38150], 'AZN': [0, 0], 'BHD': [0, 0], 'AMD': [0, 0], 'BYN': [0, 0], 'BRL': [0, 0], 'HUF': [0, 0], 'HKD': [50.5, 60.5], 'DKK': [0, 0], 'IRR': [0, 0], 'KWD': [0, 0], 'MYR': [95, 105], 'MXN': [0, 0], 'MDL': [0, 0], 'NOK': [0, 0], 'PLN': [103, 123], 'SAR': [0, 0], 'XDR': [0, 0], 'SGD': [0, 0], 'TJS': [0, 0], 'CZK': [16.5, 22.5], 'SEK': [0, 0], 'ZAR': [0, 0], 'ILS': [103, 123], 'QAR': [0, 0], 'VND': [0, 0], 'LKR': [0, 0], 'OMR': [0, 0], 'PKR': [0, 0], 'MVR': [0, 0], 'IDR': [0, 0]}",0,False,,43.323232445426,76.910812479149,5,1,False,False,1721226145,"{'mon': ['9:00', '20:00', '', ''], 'tue': ['9:00', '20:00', '', ''], 'wed': ['9:00', '20:00', '', ''], 'thu': ['9:00', '20:00', '', ''], 'fri': ['9:00', '20:00', '', ''], 'sat': ['9:00', '20:00', '', ''], 'sun': ['9:00', '20:00', '', ''], 'holyday': ['9:00', '20:00', '', ''], 'nonstop': False, 'closed': False, 'worknow': False}",0
12588,МиГ 7,"ул. Саина, 16, ТЦ «Magnum»",Алматы,"ул. Саина, 16, ТЦ «Magnum»",,"['+77273410116', '+77086237285']",1721226145,0,"{'USD': [474.5, 476.3], 'EUR': [518, 522], 'RUB': [5.29, 5.39], 'KGS': [5.55, 5.95], 'CNY': [64.3, 66.3], 'GBP': [615, 633], 'CHF': [505, 529], 'UZS': [3.6, 4.45], 'JPY': [2.55, 3.03], 'AUD': [0, 0], 'TRY': [14.7, 18.1], 'AED': [120.5, 130.5], 'UAH': [5, 9], 'THB': [12.5, 15.5], 'INR': [4.45, 5.45], 'EGP': [0, 0], 'CAD': [325, 355], 'KPW': [0, 0], 'KRW': [31.5, 34.9], 'MNT': [0, 0], 'TMT': [0, 0], 'GEL': [157, 187], 'GOLD': [36650, 38150], 'AZN': [0, 0], 'BHD': [0, 0], 'AMD': [0, 0], 'BYN': [0, 0], 'BRL': [0, 0], 'HUF': [0, 0], 'HKD': [50.5, 60.5], 'DKK': [0, 0], 'IRR': [0, 0], 'KWD': [0, 0], 'MYR': [95, 105], 'MXN': [0, 0], 'MDL': [0, 0], 'NOK': [0, 0], 'PLN': [103, 123], 'SAR': [0, 0], 'XDR': [0, 0], 'SGD': [0, 0], 'TJS': [0, 0], 'CZK': [16.5, 22.5], 'SEK': [0, 0], 'ZAR': [0, 0], 'ILS': [103, 123], 'QAR': [0, 0], 'VND': [0, 0], 'LKR': [0, 0], 'OMR': [0, 0], 'PKR': [0, 0], 'MVR': [0, 0], 'IDR': [0, 0]}",0,False,,43.239797470876,76.841946243012,5,1,False,False,1721226145,"{'mon': ['9:00', '20:00', '', ''], 'tue': ['9:00', '20:00', '', ''], 'wed': ['9:00', '20:00', '', ''], 'thu': ['9:00', '20:00', '', ''], 'fri': ['9:00', '20:00', '', ''], 'sat': ['9:00', '20:00', '', ''], 'sun': ['9:00', '20:00', '', ''], 'holyday': ['9:00', '20:00', '', ''], 'nonstop': False, 'closed': False, 'worknow': False}",0
13243,МиГ 17,"ул. Северное кольцо, 3, ТЦ «ADEM -1», сектор З-1, бутик 101",Алматы,"ул. Северное кольцо, 3, ТЦ «ADEM -1», сектор З-1, бутик 101",,"['+77273410697', '+77010570937']",1721226145,0,"{'USD': [474.5, 476.3], 'EUR': [518, 522], 'RUB': [5.29, 5.39], 'KGS': [5.55, 5.95], 'CNY': [64.3, 66.3], 'GBP': [615, 633], 'CHF': [505, 529], 'UZS': [3.6, 4.45], 'JPY': [2.55, 3.03], 'AUD': [0, 0], 'TRY': [14.7, 18.1], 'AED': [120.5, 130.5], 'UAH': [5, 9], 'THB': [12.5, 15.5], 'INR': [4.45, 5.45], 'EGP': [0, 0], 'CAD': [325, 355], 'KPW': [0, 0], 'KRW': [31.5, 34.9], 'MNT': [0, 0], 'TMT': [0, 0], 'GEL': [157, 187], 'GOLD': [36650, 38150], 'AZN': [0, 0], 'BHD': [0, 0], 'AMD': [0, 0], 'BYN': [0, 0], 'BRL': [0, 0], 'HUF': [0, 0], 'HKD': [50.5, 60.5], 'DKK': [0, 0], 'IRR': [0, 0], 'KWD': [0, 0], 'MYR': [95, 105], 'MXN': [0, 0], 'MDL': [0, 0], 'NOK': [0, 0], 'PLN': [103, 123], 'SAR': [0, 0], 'XDR': [0, 0], 'SGD': [0, 0], 'TJS': [0, 0], 'CZK': [16.5, 22.5], 'SEK': [0, 0], 'ZAR': [0, 0], 'ILS': [103, 123], 'QAR': [0, 0], 'VND': [0, 0], 'LKR': [0, 0], 'OMR': [0, 0], 'PKR': [0, 0], 'MVR': [0, 0], 'IDR': [0, 0]}",0,False,,43.277049412042,76.887972871064,5,1,False,False,1721226145,"{'mon': ['9:00', '20:00', '', ''], 'tue': ['9:00', '20:00', '', ''], 'wed': ['9:00', '20:00', '', ''], 'thu': ['9:00', '20:00', '', ''], 'fri': ['9:00', '20:00', '', ''], 'sat': ['9:00', '20:00', '', ''], 'sun': ['9:00', '20:00', '', ''], 'holyday': ['9:00', '20:00', '', ''], 'nonstop': False, 'closed': False, 'worknow': False}",0
13430,МиГ 4,"пр. Абая, 40, уг. ул. Байтурсынова",Алматы,"пр. Абая, 40, уг. ул. Байтурсынова",,"['+77273909990', '+77010354295']",1721226145,0,"{'USD': [474.5, 476.3], 'EUR': [518, 522], 'RUB': [5.29, 5.39], 'KGS': [5.55, 5.95], 'CNY': [64.3, 66.3], 'GBP': [615, 633], 'CHF': [505, 529], 'UZS': [3.6, 4.45], 'JPY': [2.55, 3.03], 'AUD': [0, 0], 'TRY': [14.7, 18.1], 'AED': [120.5, 130.5], 'UAH': [5, 9], 'THB': [12.5, 15.5], 'INR': [4.45, 5.45], 'EGP': [0, 0], 'CAD': [325, 355], 'KPW': [0, 0], 'KRW': [31.5, 34.9], 'MNT': [0, 0], 'TMT': [0, 0], 'GEL': [157, 187], 'GOLD': [36650, 38150], 'AZN': [0, 0], 'BHD': [0, 0], 'AMD': [0, 0], 'BYN': [0, 0], 'BRL': [0, 0], 'HUF': [0, 0], 'HKD': [50.5, 60.5], 'DKK': [0, 0], 'IRR': [0, 0], 'KWD': [0, 0], 'MYR': [95, 105], 'MXN': [0, 0], 'MDL': [0, 0], 'NOK': [0, 0], 'PLN': [103, 123], 'SAR': [0, 0], 'XDR': [0, 0], 'SGD': [0, 0], 'TJS': [0, 0], 'CZK': [16.5, 22.5], 'SEK': [0, 0], 'ZAR': [0, 0], 'ILS': [103, 123], 'QAR': [0, 0], 'VND': [0, 0], 'LKR': [0, 0], 'OMR': [0, 0], 'PKR': [0, 0], 'MVR': [0, 0], 'IDR': [0, 0]}",0,False,,43.24089674786,76.928943483468,5,1,False,False,1721226145,"{'mon': ['9:00', '20:00', '', ''], 'tue': ['9:00', '20:00', '', ''], 'wed': ['9:00', '20:00', '', ''], 'thu': ['9:00', '20:00', '', ''], 'fri': ['9:00', '20:00', '', ''], 'sat': ['9:00', '20:00', '', ''], 'sun': ['9:00', '20:00', '', ''], 'holyday': ['9:00', '20:00', '', ''], 'nonstop': False, 'closed': False, 'worknow': False}",0
